2026/09/21 22:11:17 INF MediaMTX v1.17.1, windows, amd64
2026/09/21 22:11:17 INF configuration loaded from C:\Omsystems\scratch\mediamtx-live-hotfix.yml
2026/09/21 22:11:17 INF [HLS] listener opened on 127.0.0.1:8888
2026/09/21 22:11:17 INF [WebRTC] listener opened on 127.0.0.1:8889 (HTTP), :8189 (ICE/UDP)
2026/09/21 22:11:17 INF [API] listener opened on 127.0.0.1:9997
2026/09/21 22:39:57 ERR [API] json: unknown field "maxReorderedFrames"
2026/09/21 22:39:57 ERR [API] json: unknown field "maxReorderedFrames"
2026/09/21 22:39:57 ERR [API] json: unknown field "maxReorderedFrames"
2026/09/21 22:39:57 ERR [API] json: unknown field "maxReorderedFrames"
2026/09/21 22:40:18 ERR [API] json: unknown field "maxReorderedFrames"
2026/09/21 22:40:19 ERR [API] json: unknown field "maxReorderedFrames"
2026/09/21 22:40:19 ERR [API] json: unknown field "maxReorderedFrames"
2026/09/21 22:40:19 ERR [API] json: unknown field "maxReorderedFrames"
2026/09/21 22:40:20 ERR [API] json: unknown field "maxReorderedFrames"
2026/09/21 22:40:20 ERR [API] json: unknown field "maxReorderedFrames"
2026/09/21 22:40:23 ERR [API] json: unknown field "maxReorderedFrames"
2026/09/21 22:40:23 ERR [API] json: unknown field "maxReorderedFrames"
2026/09/21 22:40:32 ERR [API] json: unknown field "maxReorderedFrames"
2026/09/21 22:40:32 ERR [API] json: unknown field "maxReorderedFrames"
2026/09/21 22:40:32 ERR [API] json: unknown field "maxReorderedFrames"
2026/09/21 22:40:32 ERR [API] json: unknown field "maxReorderedFrames"
2026/09/21 22:40:34 ERR [API] json: unknown field "maxReorderedFrames"
2026/09/21 22:40:34 ERR [API] json: unknown field "maxReorderedFrames"
2026/09/21 22:40:36 ERR [API] json: unknown field "maxReorderedFrames"
2026/09/21 22:40:36 ERR [API] json: unknown field "maxReorderedFrames"
2026/09/21 22:40:39 ERR [API] json: unknown field "maxReorderedFrames"
2026/09/21 22:40:39 ERR [API] json: unknown field "maxReorderedFrames"
2026/09/21 22:40:47 ERR [API] json: unknown field "maxReorderedFrames"
2026/09/21 22:40:47 ERR [API] json: unknown field "maxReorderedFrames"
2026/09/21 22:40:49 ERR [API] json: unknown field "maxReorderedFrames"
2026/09/21 22:40:49 ERR [API] json: unknown field "maxReorderedFrames"
2026/09/21 22:40:49 ERR [API] json: unknown field "maxReorderedFrames"
2026/09/21 22:40:49 ERR [API] json: unknown field "maxReorderedFrames"
2026/09/21 22:40:50 ERR [API] json: unknown field "maxReorderedFrames"
2026/09/21 22:40:51 ERR [API] json: unknown field "maxReorderedFrames"
2026/09/21 22:40:51 ERR [API] json: unknown field "maxReorderedFrames"
2026/09/21 22:40:51 ERR [API] json: unknown field "maxReorderedFrames"
2026/09/21 22:40:53 ERR [API] json: unknown field "maxReorderedFrames"
2026/09/21 22:40:53 ERR [API] json: unknown field "maxReorderedFrames"
2026/09/21 22:40:56 ERR [API] json: unknown field "maxReorderedFrames"
2026/09/21 22:40:56 ERR [API] json: unknown field "maxReorderedFrames"
2026/09/21 22:40:58 ERR [API] json: unknown field "maxReorderedFrames"
2026/09/21 22:40:58 ERR [API] json: unknown field "maxReorderedFrames"
2026/09/21 22:40:58 ERR [API] json: unknown field "maxReorderedFrames"
2026/09/21 22:40:58 ERR [API] json: unknown field "maxReorderedFrames"
2026/09/21 22:41:01 ERR [API] json: unknown field "maxReorderedFrames"
2026/09/21 22:41:01 ERR [API] json: unknown field "maxReorderedFrames"
2026/09/21 22:41:01 ERR [API] json: unknown field "maxReorderedFrames"
2026/09/21 22:41:01 ERR [API] json: unknown field "maxReorderedFrames"
2026/09/21 22:41:03 ERR [API] json: unknown field "maxReorderedFrames"
2026/09/21 22:41:03 ERR [API] json: unknown field "maxReorderedFrames"
2026/09/21 22:41:03 ERR [API] json: unknown field "maxReorderedFrames"
2026/09/21 22:41:03 ERR [API] json: unknown field "maxReorderedFrames"
2026/09/21 22:41:06 ERR [API] json: unknown field "maxReorderedFrames"
2026/09/21 22:41:06 ERR [API] json: unknown field "maxReorderedFrames"
2026/09/21 22:41:06 ERR [API] json: unknown field "maxReorderedFrames"
2026/09/21 22:41:06 ERR [API] json: unknown field "maxReorderedFrames"
2026/09/21 22:41:08 ERR [API] json: unknown field "maxReorderedFrames"
2026/09/21 22:41:08 ERR [API] json: unknown field "maxReorderedFrames"
2026/09/21 22:41:09 ERR [API] json: unknown field "maxReorderedFrames"
2026/09/21 22:41:09 ERR [API] json: unknown field "maxReorderedFrames"
2026/09/21 22:41:10 ERR [API] json: unknown field "maxReorderedFrames"
2026/09/21 22:41:10 ERR [API] json: unknown field "maxReorderedFrames"
2026/09/21 22:41:11 ERR [API] json: unknown field "maxReorderedFrames"
2026/09/21 22:41:11 ERR [API] json: unknown field "maxReorderedFrames"
2026/09/21 22:41:14 ERR [API] json: unknown field "maxReorderedFrames"
2026/09/21 22:41:14 ERR [API] json: unknown field "maxReorderedFrames"
2026/09/21 22:41:19 ERR [API] json: unknown field "maxReorderedFrames"
2026/09/21 22:41:20 ERR [API] json: unknown field "maxReorderedFrames"
2026/09/21 22:41:20 ERR [API] json: unknown field "maxReorderedFrames"
2026/09/21 22:41:20 ERR [API] json: unknown field "maxReorderedFrames"
2026/09/21 22:41:21 ERR [API] json: unknown field "maxReorderedFrames"
2026/09/21 22:41:21 ERR [API] json: unknown field "maxReorderedFrames"
2026/09/21 22:41:22 ERR [API] json: unknown field "maxReorderedFrames"
2026/09/21 22:41:22 ERR [API] json: unknown field "maxReorderedFrames"
2026/09/21 22:41:23 ERR [API] json: unknown field "maxReorderedFrames"
2026/09/21 22:41:23 ERR [API] json: unknown field "maxReorderedFrames"
2026/09/21 22:41:23 ERR [API] json: unknown field "maxReorderedFrames"
2026/09/21 22:41:23 ERR [API] json: unknown field "maxReorderedFrames"
2026/09/21 22:41:25 ERR [API] json: unknown field "maxReorderedFrames"
2026/09/21 22:41:25 ERR [API] json: unknown field "maxReorderedFrames"
2026/09/21 22:41:27 ERR [API] json: unknown field "maxReorderedFrames"
2026/09/21 22:41:27 ERR [API] json: unknown field "maxReorderedFrames"
2026/09/21 22:41:33 ERR [API] json: unknown field "maxReorderedFrames"
2026/09/21 22:41:34 ERR [API] json: unknown field "maxReorderedFrames"
2026/09/21 22:41:34 ERR [API] json: unknown field "maxReorderedFrames"
2026/09/21 22:41:34 ERR [API] json: unknown field "maxReorderedFrames"
2026/09/21 22:41:35 ERR [API] json: unknown field "maxReorderedFrames"
2026/09/21 22:41:35 ERR [API] json: unknown field "maxReorderedFrames"
2026/09/21 22:41:35 ERR [API] json: unknown field "maxReorderedFrames"
2026/09/21 22:41:35 ERR [API] json: unknown field "maxReorderedFrames"
2026/09/21 22:41:37 ERR [API] json: unknown field "maxReorderedFrames"
2026/09/21 22:41:37 ERR [API] json: unknown field "maxReorderedFrames"
2026/09/21 22:41:38 ERR [API] json: unknown field "maxReorderedFrames"
2026/09/21 22:41:38 ERR [API] json: unknown field "maxReorderedFrames"
2026/09/21 22:41:38 ERR [API] json: unknown field "maxReorderedFrames"
2026/09/21 22:41:38 ERR [API] json: unknown field "maxReorderedFrames"
2026/09/21 22:41:39 ERR [API] json: unknown field "maxReorderedFrames"
2026/09/21 22:41:39 ERR [API] json: unknown field "maxReorderedFrames"
2026/09/21 22:41:40 ERR [API] json: unknown field "maxReorderedFrames"
2026/09/21 22:41:40 ERR [API] json: unknown field "maxReorderedFrames"
2026/09/21 22:41:40 ERR [API] json: unknown field "maxReorderedFrames"
2026/09/21 22:41:40 ERR [API] json: unknown field "maxReorderedFrames"
2026/09/21 22:41:44 ERR [API] json: unknown field "maxReorderedFrames"
2026/09/21 22:41:44 ERR [API] json: unknown field "maxReorderedFrames"
2026/09/21 22:41:45 ERR [API] json: unknown field "maxReorderedFrames"
2026/09/21 22:41:45 ERR [API] json: unknown field "maxReorderedFrames"
2026/09/21 22:41:46 ERR [API] json: unknown field "maxReorderedFrames"
2026/09/21 22:41:46 ERR [API] json: unknown field "maxReorderedFrames"
2026/09/21 22:41:47 ERR [API] json: unknown field "maxReorderedFrames"
2026/09/21 22:41:47 ERR [API] json: unknown field "maxReorderedFrames"
2026/09/21 22:41:48 ERR [API] json: unknown field "maxReorderedFrames"
2026/09/21 22:41:48 ERR [API] json: unknown field "maxReorderedFrames"
2026/09/21 22:41:54 ERR [API] json: unknown field "maxReorderedFrames"
2026/09/21 22:41:54 ERR [API] json: unknown field "maxReorderedFrames"
2026/09/21 22:41:55 ERR [API] json: unknown field "maxReorderedFrames"
2026/09/21 22:41:55 ERR [API] json: unknown field "maxReorderedFrames"
2026/09/21 22:41:58 ERR [API] json: unknown field "maxReorderedFrames"
2026/09/21 22:41:58 ERR [API] json: unknown field "maxReorderedFrames"
2026/09/21 22:41:58 ERR [API] json: unknown field "maxReorderedFrames"
2026/09/21 22:41:58 ERR [API] json: unknown field "maxReorderedFrames"
2026/09/21 22:42:17 ERR [API] json: unknown field "maxReorderedFrames"
2026/09/21 22:42:17 ERR [API] json: unknown field "maxReorderedFrames"
2026/09/21 22:42:17 ERR [API] json: unknown field "maxReorderedFrames"
2026/09/21 22:42:17 ERR [API] json: unknown field "maxReorderedFrames"
2026/09/21 22:42:22 ERR [API] json: unknown field "maxReorderedFrames"
2026/09/21 22:42:22 ERR [API] json: unknown field "maxReorderedFrames"
2026/09/21 22:42:26 ERR [API] json: unknown field "maxReorderedFrames"
2026/09/21 22:42:26 ERR [API] json: unknown field "maxReorderedFrames"
2026/09/21 22:42:27 ERR [API] json: unknown field "maxReorderedFrames"
2026/09/21 22:42:27 ERR [API] json: unknown field "maxReorderedFrames"
2026/09/21 22:42:29 ERR [API] json: unknown field "maxReorderedFrames"
2026/09/21 22:42:29 ERR [API] json: unknown field "maxReorderedFrames"
2026/09/21 22:42:29 ERR [API] json: unknown field "maxReorderedFrames"
2026/09/21 22:42:29 ERR [API] json: unknown field "maxReorderedFrames"
2026/09/21 22:42:32 ERR [API] json: unknown field "maxReorderedFrames"
2026/09/21 22:42:32 ERR [API] json: unknown field "maxReorderedFrames"
2026/09/21 22:42:32 ERR [API] json: unknown field "maxReorderedFrames"
2026/09/21 22:42:32 ERR [API] json: unknown field "maxReorderedFrames"
2026/09/21 22:42:33 ERR [API] json: unknown field "maxReorderedFrames"
2026/09/21 22:42:33 ERR [API] json: unknown field "maxReorderedFrames"
2026/09/21 22:42:34 ERR [API] json: unknown field "maxReorderedFrames"
2026/09/21 22:42:34 ERR [API] json: unknown field "maxReorderedFrames"
2026/09/21 22:42:35 ERR [API] json: unknown field "maxReorderedFrames"
2026/09/21 22:42:35 ERR [API] json: unknown field "maxReorderedFrames"
2026/09/21 22:42:35 ERR [API] json: unknown field "maxReorderedFrames"
2026/09/21 22:42:35 ERR [API] json: unknown field "maxReorderedFrames"
2026/09/21 22:42:43 ERR [API] json: unknown field "maxReorderedFrames"
2026/09/21 22:42:43 ERR [API] json: unknown field "maxReorderedFrames"
2026/09/21 22:42:43 ERR [API] json: unknown field "maxReorderedFrames"
2026/09/21 22:42:43 ERR [API] json: unknown field "maxReorderedFrames"
2026/09/21 22:42:45 ERR [API] json: unknown field "maxReorderedFrames"
2026/09/21 22:42:45 ERR [API] json: unknown field "maxReorderedFrames"
2026/09/21 22:42:45 ERR [API] json: unknown field "maxReorderedFrames"
2026/09/21 22:42:45 ERR [API] json: unknown field "maxReorderedFrames"
2026/09/21 22:42:46 ERR [API] json: unknown field "maxReorderedFrames"
2026/09/21 22:42:46 ERR [API] json: unknown field "maxReorderedFrames"
2026/09/21 22:42:46 ERR [API] json: unknown field "maxReorderedFrames"
2026/09/21 22:42:46 ERR [API] json: unknown field "maxReorderedFrames"
2026/09/21 22:42:48 ERR [API] json: unknown field "maxReorderedFrames"
2026/09/21 22:42:48 ERR [API] json: unknown field "maxReorderedFrames"
2026/09/21 22:42:51 ERR [API] json: unknown field "maxReorderedFrames"
2026/09/21 22:42:51 ERR [API] json: unknown field "maxReorderedFrames"
2026/09/21 22:42:51 ERR [API] json: unknown field "maxReorderedFrames"
2026/09/21 22:42:51 ERR [API] json: unknown field "maxReorderedFrames"
2026/09/21 22:42:52 ERR [API] json: unknown field "maxReorderedFrames"
2026/09/21 22:42:52 ERR [API] json: unknown field "maxReorderedFrames"
2026/09/21 22:42:52 ERR [API] json: unknown field "maxReorderedFrames"
2026/09/21 22:42:52 ERR [API] json: unknown field "maxReorderedFrames"
2026/09/21 22:42:53 ERR [API] json: unknown field "maxReorderedFrames"
2026/09/21 22:42:53 ERR [API] json: unknown field "maxReorderedFrames"
2026/09/21 22:42:54 ERR [API] json: unknown field "maxReorderedFrames"
2026/09/21 22:42:54 ERR [API] json: unknown field "maxReorderedFrames"
2026/09/21 22:43:03 ERR [API] json: unknown field "maxReorderedFrames"
2026/09/21 22:43:03 ERR [API] json: unknown field "maxReorderedFrames"
2026/09/21 22:43:04 ERR [API] json: unknown field "maxReorderedFrames"
2026/09/21 22:43:04 ERR [API] json: unknown field "maxReorderedFrames"
2026/09/21 22:43:08 ERR [API] json: unknown field "maxReorderedFrames"
2026/09/21 22:43:08 ERR [API] json: unknown field "maxReorderedFrames"
2026/09/21 22:43:11 ERR [API] json: unknown field "maxReorderedFrames"
2026/09/21 22:43:11 ERR [API] json: unknown field "maxReorderedFrames"
2026/09/21 22:43:56 ERR [API] json: unknown field "maxReorderedFrames"
2026/09/21 22:43:56 ERR [API] json: unknown field "maxReorderedFrames"
2026/09/21 22:43:56 ERR [API] json: unknown field "maxReorderedFrames"
2026/09/21 22:43:56 ERR [API] json: unknown field "maxReorderedFrames"
2026/09/21 22:43:56 ERR [API] json: unknown field "maxReorderedFrames"
2026/09/21 22:43:56 ERR [API] json: unknown field "maxReorderedFrames"
2026/09/21 22:43:56 ERR [API] json: unknown field "maxReorderedFrames"
2026/09/21 22:43:56 ERR [API] json: unknown field "maxReorderedFrames"
2026/09/21 22:44:00 ERR [API] json: unknown field "maxReorderedFrames"
2026/09/21 22:44:00 ERR [API] json: unknown field "maxReorderedFrames"
2026/09/21 22:44:02 ERR [API] json: unknown field "maxReorderedFrames"
2026/09/21 22:44:02 ERR [API] json: unknown field "maxReorderedFrames"
2026/09/21 22:44:04 ERR [API] json: unknown field "maxReorderedFrames"
2026/09/21 22:44:04 ERR [API] json: unknown field "maxReorderedFrames"
2026/09/21 22:44:05 ERR [API] json: unknown field "maxReorderedFrames"
2026/09/21 22:44:05 ERR [API] json: unknown field "maxReorderedFrames"
2026/09/21 22:44:07 ERR [API] json: unknown field "maxReorderedFrames"
2026/09/21 22:44:07 ERR [API] json: unknown field "maxReorderedFrames"
2026/09/21 22:44:07 ERR [API] json: unknown field "maxReorderedFrames"
2026/09/21 22:44:07 ERR [API] json: unknown field "maxReorderedFrames"
2026/09/21 22:44:11 ERR [API] json: unknown field "maxReorderedFrames"
2026/09/21 22:44:11 ERR [API] json: unknown field "maxReorderedFrames"
2026/09/21 22:44:11 ERR [API] json: unknown field "maxReorderedFrames"
2026/09/21 22:44:11 ERR [API] json: unknown field "maxReorderedFrames"
2026/09/21 22:44:15 ERR [API] json: unknown field "maxReorderedFrames"
2026/09/21 22:44:15 ERR [API] json: unknown field "maxReorderedFrames"
2026/09/21 22:44:15 ERR [API] json: unknown field "maxReorderedFrames"
2026/09/21 22:44:15 ERR [API] json: unknown field "maxReorderedFrames"
2026/09/21 22:44:16 ERR [API] json: unknown field "maxReorderedFrames"
2026/09/21 22:44:16 ERR [API] json: unknown field "maxReorderedFrames"
2026/09/21 22:44:17 ERR [API] json: unknown field "maxReorderedFrames"
2026/09/21 22:44:17 ERR [API] json: unknown field "maxReorderedFrames"
2026/09/21 22:44:18 ERR [API] json: unknown field "maxReorderedFrames"
2026/09/21 22:44:18 ERR [API] json: unknown field "maxReorderedFrames"
2026/09/21 22:44:20 ERR [API] json: unknown field "maxReorderedFrames"
2026/09/21 22:44:20 ERR [API] json: unknown field "maxReorderedFrames"
2026/09/21 22:44:22 ERR [API] json: unknown field "maxReorderedFrames"
2026/09/21 22:44:22 ERR [API] json: unknown field "maxReorderedFrames"
2026/09/21 22:44:24 ERR [API] json: unknown field "maxReorderedFrames"
2026/09/21 22:44:24 ERR [API] json: unknown field "maxReorderedFrames"
2026/09/21 22:44:54 ERR [API] json: unknown field "maxReorderedFrames"
2026/09/21 22:44:58 ERR [API] json: unknown field "maxReorderedFrames"
2026/09/21 22:44:59 ERR [API] json: unknown field "maxReorderedFrames"
2026/09/21 22:44:59 ERR [API] json: unknown field "maxReorderedFrames"
2026/09/21 22:45:00 ERR [API] json: unknown field "maxReorderedFrames"
2026/09/21 22:45:00 ERR [API] json: unknown field "maxReorderedFrames"
2026/09/21 22:45:04 ERR [API] json: unknown field "maxReorderedFrames"
2026/09/21 22:45:04 ERR [API] json: unknown field "maxReorderedFrames"
2026/09/21 22:45:04 ERR [API] json: unknown field "maxReorderedFrames"
2026/09/21 22:45:04 ERR [API] json: unknown field "maxReorderedFrames"
2026/09/21 22:45:09 ERR [API] json: unknown field "maxReorderedFrames"
2026/09/21 22:45:09 ERR [API] json: unknown field "maxReorderedFrames"
2026/09/21 22:45:09 ERR [API] json: unknown field "maxReorderedFrames"
2026/09/21 22:45:09 ERR [API] json: unknown field "maxReorderedFrames"
2026/09/21 22:45:10 ERR [API] json: unknown field "maxReorderedFrames"
2026/09/21 22:45:10 ERR [API] json: unknown field "maxReorderedFrames"
2026/09/21 22:45:13 ERR [API] json: unknown field "maxReorderedFrames"
2026/09/21 22:45:13 ERR [API] json: unknown field "maxReorderedFrames"
2026/09/21 22:45:15 ERR [API] json: unknown field "maxReorderedFrames"
2026/09/21 22:45:15 ERR [API] json: unknown field "maxReorderedFrames"
2026/09/21 22:45:16 ERR [API] json: unknown field "maxReorderedFrames"
2026/09/21 22:45:16 ERR [API] json: unknown field "maxReorderedFrames"
2026/09/21 22:45:16 ERR [API] json: unknown field "maxReorderedFrames"
2026/09/21 22:45:16 ERR [API] json: unknown field "maxReorderedFrames"
2026/09/21 22:45:18 ERR [API] json: unknown field "maxReorderedFrames"
2026/09/21 22:45:18 ERR [API] json: unknown field "maxReorderedFrames"
2026/09/21 22:45:18 ERR [API] json: unknown field "maxReorderedFrames"
2026/09/21 22:45:18 ERR [API] json: unknown field "maxReorderedFrames"
2026/09/21 22:45:48 ERR [API] json: unknown field "maxReorderedFrames"
2026/09/21 22:45:48 ERR [API] json: unknown field "maxReorderedFrames"
2026/09/21 22:45:48 ERR [API] json: unknown field "maxReorderedFrames"
2026/09/21 22:45:48 ERR [API] json: unknown field "maxReorderedFrames"
2026/09/21 22:45:58 ERR [API] json: unknown field "maxReorderedFrames"
2026/09/21 22:45:58 ERR [API] json: unknown field "maxReorderedFrames"
2026/09/21 22:46:00 ERR [API] json: unknown field "maxReorderedFrames"
2026/09/21 22:46:00 ERR [API] json: unknown field "maxReorderedFrames"
2026/09/21 22:46:01 ERR [API] json: unknown field "maxReorderedFrames"
2026/09/21 22:46:01 ERR [API] json: unknown field "maxReorderedFrames"
2026/09/21 22:46:02 ERR [API] json: unknown field "maxReorderedFrames"
2026/09/21 22:46:02 ERR [API] json: unknown field "maxReorderedFrames"
2026/09/21 22:46:03 ERR [API] json: unknown field "maxReorderedFrames"
2026/09/21 22:46:03 ERR [API] json: unknown field "maxReorderedFrames"
2026/09/21 22:46:14 ERR [API] json: unknown field "maxReorderedFrames"
2026/09/21 22:46:14 ERR [API] json: unknown field "maxReorderedFrames"
2026/09/21 22:46:14 ERR [API] json: unknown field "maxReorderedFrames"
2026/09/21 22:46:14 ERR [API] json: unknown field "maxReorderedFrames"
2026/09/21 22:46:16 ERR [API] json: unknown field "maxReorderedFrames"
2026/09/21 22:46:16 ERR [API] json: unknown field "maxReorderedFrames"
2026/09/21 22:46:17 ERR [API] json: unknown field "maxReorderedFrames"
2026/09/21 22:46:17 ERR [API] json: unknown field "maxReorderedFrames"
2026/09/21 22:46:18 ERR [API] json: unknown field "maxReorderedFrames"
2026/09/21 22:46:18 ERR [API] json: unknown field "maxReorderedFrames"
2026/09/21 22:46:20 ERR [API] json: unknown field "maxReorderedFrames"
2026/09/21 22:46:20 ERR [API] json: unknown field "maxReorderedFrames"
2026/09/21 22:46:23 ERR [API] json: unknown field "maxReorderedFrames"
2026/09/21 22:46:23 ERR [API] json: unknown field "maxReorderedFrames"
2026/09/21 22:46:24 ERR [API] json: unknown field "maxReorderedFrames"
2026/09/21 22:46:24 ERR [API] json: unknown field "maxReorderedFrames"
2026/09/21 22:46:25 ERR [API] json: unknown field "maxReorderedFrames"
2026/09/21 22:46:30 ERR [API] json: unknown field "maxReorderedFrames"
2026/09/21 22:46:33 ERR [API] json: unknown field "maxReorderedFrames"
2026/09/21 22:46:33 ERR [API] json: unknown field "maxReorderedFrames"
2026/09/21 22:46:34 ERR [API] json: unknown field "maxReorderedFrames"
2026/09/21 22:46:34 ERR [API] json: unknown field "maxReorderedFrames"
2026/09/21 22:46:35 ERR [API] json: unknown field "maxReorderedFrames"
2026/09/21 22:46:35 ERR [API] json: unknown field "maxReorderedFrames"
2026/09/21 22:46:35 ERR [API] json: unknown field "maxReorderedFrames"
2026/09/21 22:46:35 ERR [API] json: unknown field "maxReorderedFrames"
2026/09/21 22:46:36 ERR [API] json: unknown field "maxReorderedFrames"
2026/09/21 22:46:36 ERR [API] json: unknown field "maxReorderedFrames"
2026/09/21 22:46:36 ERR [API] json: unknown field "maxReorderedFrames"
2026/09/21 22:46:36 ERR [API] json: unknown field "maxReorderedFrames"
2026/09/21 22:46:38 ERR [API] json: unknown field "maxReorderedFrames"
2026/09/21 22:46:38 ERR [API] json: unknown field "maxReorderedFrames"
2026/09/21 22:46:39 ERR [API] json: unknown field "maxReorderedFrames"
2026/09/21 22:46:39 ERR [API] json: unknown field "maxReorderedFrames"
2026/09/21 22:46:43 ERR [API] json: unknown field "maxReorderedFrames"
2026/09/21 22:46:43 ERR [API] json: unknown field "maxReorderedFrames"
2026/09/21 22:46:46 ERR [API] json: unknown field "maxReorderedFrames"
2026/09/21 22:46:46 ERR [API] json: unknown field "maxReorderedFrames"
2026/09/21 22:46:59 ERR [API] json: unknown field "maxReorderedFrames"
2026/09/21 22:46:59 ERR [API] json: unknown field "maxReorderedFrames"
2026/09/21 22:47:21 ERR [API] json: unknown field "maxReorderedFrames"
2026/09/21 22:47:21 ERR [API] json: unknown field "maxReorderedFrames"
2026/09/21 22:47:22 ERR [API] json: unknown field "maxReorderedFrames"
2026/09/21 22:47:22 ERR [API] json: unknown field "maxReorderedFrames"
2026/09/21 22:47:26 ERR [API] json: unknown field "maxReorderedFrames"
2026/09/21 22:47:26 ERR [API] json: unknown field "maxReorderedFrames"
2026/09/21 22:47:28 ERR [API] json: unknown field "maxReorderedFrames"
2026/09/21 22:47:28 ERR [API] json: unknown field "maxReorderedFrames"
2026/09/21 22:47:31 ERR [API] json: unknown field "maxReorderedFrames"
2026/09/21 22:47:31 ERR [API] json: unknown field "maxReorderedFrames"
2026/09/21 22:47:32 ERR [API] json: unknown field "maxReorderedFrames"
2026/09/21 22:47:32 ERR [API] json: unknown field "maxReorderedFrames"
2026/09/21 22:47:33 ERR [API] json: unknown field "maxReorderedFrames"
2026/09/21 22:47:33 ERR [API] json: unknown field "maxReorderedFrames"
2026/09/21 22:47:35 ERR [API] json: unknown field "maxReorderedFrames"
2026/09/21 22:47:35 ERR [API] json: unknown field "maxReorderedFrames"
2026/09/21 22:47:38 ERR [API] json: unknown field "maxReorderedFrames"
2026/09/21 22:47:38 ERR [API] json: unknown field "maxReorderedFrames"
2026/09/21 22:47:44 ERR [API] json: unknown field "maxReorderedFrames"
2026/09/21 22:47:44 ERR [API] json: unknown field "maxReorderedFrames"
2026/09/21 22:47:45 ERR [API] json: unknown field "maxReorderedFrames"
2026/09/21 22:47:45 ERR [API] json: unknown field "maxReorderedFrames"
2026/09/21 22:47:46 ERR [API] json: unknown field "maxReorderedFrames"
2026/09/21 22:47:46 ERR [API] json: unknown field "maxReorderedFrames"
2026/09/21 22:47:49 ERR [API] json: unknown field "maxReorderedFrames"
2026/09/21 22:47:49 ERR [API] json: unknown field "maxReorderedFrames"
2026/09/21 22:47:51 ERR [API] json: unknown field "maxReorderedFrames"
2026/09/21 22:47:51 ERR [API] json: unknown field "maxReorderedFrames"
2026/09/21 22:47:55 ERR [API] json: unknown field "maxReorderedFrames"
2026/09/21 22:47:55 ERR [API] json: unknown field "maxReorderedFrames"
2026/09/21 22:47:56 ERR [API] json: unknown field "maxReorderedFrames"
2026/09/21 22:47:56 ERR [API] json: unknown field "maxReorderedFrames"
2026/09/21 22:47:59 ERR [API] json: unknown field "maxReorderedFrames"
2026/09/21 22:47:59 ERR [API] json: unknown field "maxReorderedFrames"
2026/09/21 22:47:59 ERR [API] json: unknown field "maxReorderedFrames"
2026/09/21 22:47:59 ERR [API] json: unknown field "maxReorderedFrames"
2026/09/21 22:48:02 ERR [API] json: unknown field "maxReorderedFrames"
2026/09/21 22:48:02 ERR [API] json: unknown field "maxReorderedFrames"
2026/09/21 22:48:03 ERR [API] json: unknown field "maxReorderedFrames"
2026/09/21 22:48:03 ERR [API] json: unknown field "maxReorderedFrames"
2026/09/21 22:48:06 ERR [API] json: unknown field "maxReorderedFrames"
2026/09/21 22:48:06 ERR [API] json: unknown field "maxReorderedFrames"
2026/09/21 22:48:06 ERR [API] json: unknown field "maxReorderedFrames"
2026/09/21 22:48:06 ERR [API] json: unknown field "maxReorderedFrames"
2026/09/21 22:48:08 ERR [API] json: unknown field "maxReorderedFrames"
2026/09/21 22:48:08 ERR [API] json: unknown field "maxReorderedFrames"
2026/09/21 22:48:08 ERR [API] json: unknown field "maxReorderedFrames"
2026/09/21 22:48:08 ERR [API] json: unknown field "maxReorderedFrames"
2026/09/21 22:48:22 ERR [API] json: unknown field "maxReorderedFrames"
2026/09/21 22:48:22 ERR [API] json: unknown field "maxReorderedFrames"
2026/09/21 22:48:22 ERR [API] json: unknown field "maxReorderedFrames"
2026/09/21 22:48:22 ERR [API] json: unknown field "maxReorderedFrames"
2026/09/21 22:48:25 ERR [API] json: unknown field "maxReorderedFrames"
2026/09/21 22:48:25 ERR [API] json: unknown field "maxReorderedFrames"
2026/09/21 22:48:26 ERR [API] json: unknown field "maxReorderedFrames"
2026/09/21 22:48:26 ERR [API] json: unknown field "maxReorderedFrames"
2026/09/21 22:48:29 ERR [API] json: unknown field "maxReorderedFrames"
2026/09/21 22:48:29 ERR [API] json: unknown field "maxReorderedFrames"
2026/09/21 22:48:29 ERR [API] json: unknown field "maxReorderedFrames"
2026/09/21 22:48:29 ERR [API] json: unknown field "maxReorderedFrames"
2026/09/21 22:48:35 ERR [API] json: unknown field "maxReorderedFrames"
2026/09/21 22:48:35 ERR [API] json: unknown field "maxReorderedFrames"
2026/09/21 22:48:38 ERR [API] json: unknown field "maxReorderedFrames"
2026/09/21 22:48:38 ERR [API] json: unknown field "maxReorderedFrames"
2026/09/21 22:48:41 ERR [API] json: unknown field "maxReorderedFrames"
2026/09/21 22:48:41 ERR [API] json: unknown field "maxReorderedFrames"
2026/09/21 22:48:44 ERR [API] json: unknown field "maxReorderedFrames"
2026/09/21 22:48:44 ERR [API] json: unknown field "maxReorderedFrames"
2026/09/21 22:48:48 ERR [API] json: unknown field "maxReorderedFrames"
2026/09/21 22:48:48 ERR [API] json: unknown field "maxReorderedFrames"
2026/09/21 22:48:51 ERR [API] json: unknown field "maxReorderedFrames"
2026/09/21 22:48:51 ERR [API] json: unknown field "maxReorderedFrames"
2026/09/21 22:48:52 ERR [API] json: unknown field "maxReorderedFrames"
2026/09/21 22:48:52 ERR [API] json: unknown field "maxReorderedFrames"
2026/09/21 22:48:54 ERR [API] json: unknown field "maxReorderedFrames"
2026/09/21 22:48:54 ERR [API] json: unknown field "maxReorderedFrames"
2026/09/21 22:48:55 ERR [API] json: unknown field "maxReorderedFrames"
2026/09/21 22:48:55 ERR [API] json: unknown field "maxReorderedFrames"
2026/09/21 22:48:57 ERR [API] json: unknown field "maxReorderedFrames"
2026/09/21 22:48:57 ERR [API] json: unknown field "maxReorderedFrames"
2026/09/21 22:48:57 ERR [API] json: unknown field "maxReorderedFrames"
2026/09/21 22:48:57 ERR [API] json: unknown field "maxReorderedFrames"
2026/09/21 22:49:02 ERR [API] json: unknown field "maxReorderedFrames"
2026/09/21 22:49:02 ERR [API] json: unknown field "maxReorderedFrames"
2026/09/21 22:49:03 ERR [API] json: unknown field "maxReorderedFrames"
2026/09/21 22:49:03 ERR [API] json: unknown field "maxReorderedFrames"
2026/09/21 22:49:03 ERR [API] json: unknown field "maxReorderedFrames"
2026/09/21 22:49:03 ERR [API] json: unknown field "maxReorderedFrames"
2026/09/21 22:49:05 ERR [API] json: unknown field "maxReorderedFrames"
2026/09/21 22:49:05 ERR [API] json: unknown field "maxReorderedFrames"
2026/09/21 22:49:06 ERR [API] json: unknown field "maxReorderedFrames"
2026/09/21 22:49:06 ERR [API] json: unknown field "maxReorderedFrames"
2026/09/21 22:49:08 ERR [API] json: unknown field "maxReorderedFrames"
2026/09/21 22:49:08 ERR [API] json: unknown field "maxReorderedFrames"
2026/09/21 22:49:10 ERR [API] json: unknown field "maxReorderedFrames"
2026/09/21 22:49:10 ERR [API] json: unknown field "maxReorderedFrames"
2026/09/21 22:49:12 ERR [API] json: unknown field "maxReorderedFrames"
2026/09/21 22:49:12 ERR [API] json: unknown field "maxReorderedFrames"
2026/09/21 22:49:13 ERR [API] json: unknown field "maxReorderedFrames"
2026/09/21 22:49:13 ERR [API] json: unknown field "maxReorderedFrames"
2026/09/21 22:49:14 ERR [API] json: unknown field "maxReorderedFrames"
2026/09/21 22:49:14 ERR [API] json: unknown field "maxReorderedFrames"
2026/09/21 22:49:15 ERR [API] json: unknown field "maxReorderedFrames"
2026/09/21 22:49:15 ERR [API] json: unknown field "maxReorderedFrames"
2026/09/21 22:49:20 ERR [API] json: unknown field "maxReorderedFrames"
2026/09/21 22:49:20 ERR [API] json: unknown field "maxReorderedFrames"
2026/09/21 22:49:24 ERR [API] json: unknown field "maxReorderedFrames"
2026/09/21 22:49:24 ERR [API] json: unknown field "maxReorderedFrames"
2026/09/21 22:49:24 ERR [API] json: unknown field "maxReorderedFrames"
2026/09/21 22:49:24 ERR [API] json: unknown field "maxReorderedFrames"
2026/09/21 22:49:31 ERR [API] json: unknown field "maxReorderedFrames"
2026/09/21 22:49:31 ERR [API] json: unknown field "maxReorderedFrames"
2026/09/21 22:49:34 ERR [API] json: unknown field "maxReorderedFrames"
2026/09/21 22:49:34 ERR [API] json: unknown field "maxReorderedFrames"
2026/09/21 22:49:35 ERR [API] json: unknown field "maxReorderedFrames"
2026/09/21 22:49:35 ERR [API] json: unknown field "maxReorderedFrames"
2026/09/21 22:49:40 ERR [API] json: unknown field "maxReorderedFrames"
2026/09/21 22:49:40 ERR [API] json: unknown field "maxReorderedFrames"
2026/09/21 22:49:41 ERR [API] json: unknown field "maxReorderedFrames"
2026/09/21 22:49:41 ERR [API] json: unknown field "maxReorderedFrames"
2026/09/21 22:49:43 ERR [API] json: unknown field "maxReorderedFrames"
2026/09/21 22:49:43 ERR [API] json: unknown field "maxReorderedFrames"
2026/09/21 22:49:47 ERR [API] json: unknown field "maxReorderedFrames"
2026/09/21 22:49:47 ERR [API] json: unknown field "maxReorderedFrames"
2026/09/21 22:49:50 ERR [API] json: unknown field "maxReorderedFrames"
2026/09/21 22:49:50 ERR [API] json: unknown field "maxReorderedFrames"
2026/09/21 22:49:50 ERR [API] json: unknown field "maxReorderedFrames"
2026/09/21 22:49:50 ERR [API] json: unknown field "maxReorderedFrames"
2026/09/21 22:49:52 ERR [API] json: unknown field "maxReorderedFrames"
2026/09/21 22:49:52 ERR [API] json: unknown field "maxReorderedFrames"
2026/09/21 22:49:55 ERR [API] json: unknown field "maxReorderedFrames"
2026/09/21 22:49:55 ERR [API] json: unknown field "maxReorderedFrames"
2026/09/21 22:49:56 ERR [API] json: unknown field "maxReorderedFrames"
2026/09/21 22:49:56 ERR [API] json: unknown field "maxReorderedFrames"
2026/09/21 22:49:58 ERR [API] json: unknown field "maxReorderedFrames"
2026/09/21 22:49:58 ERR [API] json: unknown field "maxReorderedFrames"
2026/09/21 22:49:58 ERR [API] json: unknown field "maxReorderedFrames"
2026/09/21 22:49:58 ERR [API] json: unknown field "maxReorderedFrames"
2026/09/21 22:50:01 ERR [API] json: unknown field "maxReorderedFrames"
2026/09/21 22:50:01 ERR [API] json: unknown field "maxReorderedFrames"
2026/09/21 22:50:01 ERR [API] json: unknown field "maxReorderedFrames"
2026/09/21 22:50:01 ERR [API] json: unknown field "maxReorderedFrames"
2026/09/21 22:50:08 ERR [API] json: unknown field "maxReorderedFrames"
2026/09/21 22:50:08 ERR [API] json: unknown field "maxReorderedFrames"
2026/09/21 22:50:09 ERR [API] json: unknown field "maxReorderedFrames"
2026/09/21 22:50:09 ERR [API] json: unknown field "maxReorderedFrames"
2026/09/21 22:50:12 ERR [API] json: unknown field "maxReorderedFrames"
2026/09/21 22:50:12 ERR [API] json: unknown field "maxReorderedFrames"
2026/09/21 22:50:12 ERR [API] json: unknown field "maxReorderedFrames"
2026/09/21 22:50:12 ERR [API] json: unknown field "maxReorderedFrames"
2026/09/21 22:50:14 ERR [API] json: unknown field "maxReorderedFrames"
2026/09/21 22:50:14 ERR [API] json: unknown field "maxReorderedFrames"
2026/09/21 22:50:15 ERR [API] json: unknown field "maxReorderedFrames"
2026/09/21 22:50:15 ERR [API] json: unknown field "maxReorderedFrames"
2026/09/21 22:50:15 ERR [API] json: unknown field "maxReorderedFrames"
2026/09/21 22:50:15 ERR [API] json: unknown field "maxReorderedFrames"
2026/09/21 22:50:17 ERR [API] json: unknown field "maxReorderedFrames"
2026/09/21 22:50:17 ERR [API] json: unknown field "maxReorderedFrames"
2026/09/21 22:50:17 ERR [API] json: unknown field "maxReorderedFrames"
2026/09/21 22:50:17 ERR [API] json: unknown field "maxReorderedFrames"
2026/09/21 22:50:20 ERR [API] json: unknown field "maxReorderedFrames"
2026/09/21 22:50:20 ERR [API] json: unknown field "maxReorderedFrames"
2026/09/21 22:50:20 ERR [API] json: unknown field "maxReorderedFrames"
2026/09/21 22:50:20 ERR [API] json: unknown field "maxReorderedFrames"
2026/09/21 22:50:23 ERR [API] json: unknown field "maxReorderedFrames"
2026/09/21 22:50:23 ERR [API] json: unknown field "maxReorderedFrames"
2026/09/21 22:50:23 ERR [API] json: unknown field "maxReorderedFrames"
2026/09/21 22:50:23 ERR [API] json: unknown field "maxReorderedFrames"
2026/09/21 22:50:25 ERR [API] json: unknown field "maxReorderedFrames"
2026/09/21 22:50:25 ERR [API] json: unknown field "maxReorderedFrames"
2026/09/21 22:50:28 ERR [API] json: unknown field "maxReorderedFrames"
2026/09/21 22:50:28 ERR [API] json: unknown field "maxReorderedFrames"
2026/09/21 22:50:28 ERR [API] json: unknown field "maxReorderedFrames"
2026/09/21 22:50:28 ERR [API] json: unknown field "maxReorderedFrames"
2026/09/21 22:50:31 ERR [API] json: unknown field "maxReorderedFrames"
2026/09/21 22:50:31 ERR [API] json: unknown field "maxReorderedFrames"
2026/09/21 22:50:31 ERR [API] json: unknown field "maxReorderedFrames"
2026/09/21 22:50:31 ERR [API] json: unknown field "maxReorderedFrames"
2026/09/21 22:50:33 ERR [API] json: unknown field "maxReorderedFrames"
2026/09/21 22:50:33 ERR [API] json: unknown field "maxReorderedFrames"
2026/09/21 22:50:33 ERR [API] json: unknown field "maxReorderedFrames"
2026/09/21 22:50:33 ERR [API] json: unknown field "maxReorderedFrames"
2026/09/21 22:50:35 ERR [API] json: unknown field "maxReorderedFrames"
2026/09/21 22:50:35 ERR [API] json: unknown field "maxReorderedFrames"
2026/09/21 22:50:35 ERR [API] json: unknown field "maxReorderedFrames"
2026/09/21 22:50:35 ERR [API] json: unknown field "maxReorderedFrames"
2026/09/21 22:50:37 ERR [API] json: unknown field "maxReorderedFrames"
2026/09/21 22:50:37 ERR [API] json: unknown field "maxReorderedFrames"
2026/09/21 22:50:37 ERR [API] json: unknown field "maxReorderedFrames"
2026/09/21 22:50:37 ERR [API] json: unknown field "maxReorderedFrames"
2026/09/21 22:50:39 ERR [API] json: unknown field "maxReorderedFrames"
2026/09/21 22:50:39 ERR [API] json: unknown field "maxReorderedFrames"
2026/09/21 22:50:39 ERR [API] json: unknown field "maxReorderedFrames"
2026/09/21 22:50:39 ERR [API] json: unknown field "maxReorderedFrames"
2026/09/21 22:50:41 ERR [API] json: unknown field "maxReorderedFrames"
2026/09/21 22:50:41 ERR [API] json: unknown field "maxReorderedFrames"
2026/09/21 22:50:41 ERR [API] json: unknown field "maxReorderedFrames"
2026/09/21 22:50:41 ERR [API] json: unknown field "maxReorderedFrames"
2026/09/21 22:50:43 ERR [API] json: unknown field "maxReorderedFrames"
2026/09/21 22:50:43 ERR [API] json: unknown field "maxReorderedFrames"
2026/09/21 22:50:43 ERR [API] json: unknown field "maxReorderedFrames"
2026/09/21 22:50:43 ERR [API] json: unknown field "maxReorderedFrames"
2026/09/21 22:50:45 ERR [API] json: unknown field "maxReorderedFrames"
2026/09/21 22:50:45 ERR [API] json: unknown field "maxReorderedFrames"
2026/09/21 22:50:45 ERR [API] json: unknown field "maxReorderedFrames"
2026/09/21 22:50:45 ERR [API] json: unknown field "maxReorderedFrames"
2026/09/21 22:50:47 ERR [API] json: unknown field "maxReorderedFrames"
2026/09/21 22:50:47 ERR [API] json: unknown field "maxReorderedFrames"
2026/09/21 22:50:47 ERR [API] json: unknown field "maxReorderedFrames"
2026/09/21 22:50:47 ERR [API] json: unknown field "maxReorderedFrames"
2026/09/21 22:50:48 ERR [API] json: unknown field "maxReorderedFrames"
2026/09/21 22:50:48 ERR [API] json: unknown field "maxReorderedFrames"
2026/09/21 22:50:48 ERR [API] json: unknown field "maxReorderedFrames"
2026/09/21 22:50:48 ERR [API] json: unknown field "maxReorderedFrames"
2026/09/21 22:50:51 ERR [API] json: unknown field "maxReorderedFrames"
2026/09/21 22:50:51 ERR [API] json: unknown field "maxReorderedFrames"
2026/09/21 22:50:52 ERR [API] json: unknown field "maxReorderedFrames"
2026/09/21 22:50:52 ERR [API] json: unknown field "maxReorderedFrames"
2026/09/21 22:50:53 ERR [API] json: unknown field "maxReorderedFrames"
2026/09/21 22:50:53 ERR [API] json: unknown field "maxReorderedFrames"
2026/09/21 22:50:55 ERR [API] json: unknown field "maxReorderedFrames"
2026/09/21 22:50:55 ERR [API] json: unknown field "maxReorderedFrames"
2026/09/21 22:50:57 ERR [API] json: unknown field "maxReorderedFrames"
2026/09/21 22:50:57 ERR [API] json: unknown field "maxReorderedFrames"
2026/09/21 22:50:57 ERR [API] json: unknown field "maxReorderedFrames"
2026/09/21 22:50:57 ERR [API] json: unknown field "maxReorderedFrames"
2026/09/21 22:50:58 ERR [API] json: unknown field "maxReorderedFrames"
2026/09/21 22:50:58 ERR [API] json: unknown field "maxReorderedFrames"
2026/09/21 22:50:58 ERR [API] json: unknown field "maxReorderedFrames"
2026/09/21 22:50:58 ERR [API] json: unknown field "maxReorderedFrames"
2026/09/21 22:51:00 ERR [API] json: unknown field "maxReorderedFrames"
2026/09/21 22:51:00 ERR [API] json: unknown field "maxReorderedFrames"
2026/09/21 22:51:00 ERR [API] json: unknown field "maxReorderedFrames"
2026/09/21 22:51:00 ERR [API] json: unknown field "maxReorderedFrames"
2026/09/21 22:51:02 ERR [API] json: unknown field "maxReorderedFrames"
2026/09/21 22:51:02 ERR [API] json: unknown field "maxReorderedFrames"
2026/09/21 22:51:02 ERR [API] json: unknown field "maxReorderedFrames"
2026/09/21 22:51:02 ERR [API] json: unknown field "maxReorderedFrames"
2026/09/21 22:51:04 ERR [API] json: unknown field "maxReorderedFrames"
2026/09/21 22:51:04 ERR [API] json: unknown field "maxReorderedFrames"
2026/09/21 22:51:04 ERR [API] json: unknown field "maxReorderedFrames"
2026/09/21 22:51:04 ERR [API] json: unknown field "maxReorderedFrames"
2026/09/21 22:51:06 ERR [API] json: unknown field "maxReorderedFrames"
2026/09/21 22:51:06 ERR [API] json: unknown field "maxReorderedFrames"
2026/09/21 22:51:06 ERR [API] json: unknown field "maxReorderedFrames"
2026/09/21 22:51:06 ERR [API] json: unknown field "maxReorderedFrames"
2026/09/21 22:51:09 ERR [API] json: unknown field "maxReorderedFrames"
2026/09/21 22:51:09 ERR [API] json: unknown field "maxReorderedFrames"
2026/09/21 22:51:10 ERR [API] json: unknown field "maxReorderedFrames"
2026/09/21 22:51:10 ERR [API] json: unknown field "maxReorderedFrames"
2026/09/21 22:51:12 ERR [API] json: unknown field "maxReorderedFrames"
2026/09/21 22:51:12 ERR [API] json: unknown field "maxReorderedFrames"
2026/09/21 22:51:12 ERR [API] json: unknown field "maxReorderedFrames"
2026/09/21 22:51:12 ERR [API] json: unknown field "maxReorderedFrames"
2026/09/21 22:51:13 ERR [API] json: unknown field "maxReorderedFrames"
2026/09/21 22:51:13 ERR [API] json: unknown field "maxReorderedFrames"
2026/09/21 22:51:14 ERR [API] json: unknown field "maxReorderedFrames"
2026/09/21 22:51:14 ERR [API] json: unknown field "maxReorderedFrames"
2026/09/21 22:51:16 ERR [API] json: unknown field "maxReorderedFrames"
2026/09/21 22:51:16 ERR [API] json: unknown field "maxReorderedFrames"
2026/09/21 22:51:16 ERR [API] json: unknown field "maxReorderedFrames"
2026/09/21 22:51:16 ERR [API] json: unknown field "maxReorderedFrames"
2026/09/21 22:51:17 ERR [API] json: unknown field "maxReorderedFrames"
2026/09/21 22:51:17 ERR [API] json: unknown field "maxReorderedFrames"
2026/09/21 22:51:18 ERR [API] json: unknown field "maxReorderedFrames"
2026/09/21 22:51:18 ERR [API] json: unknown field "maxReorderedFrames"
2026/09/21 22:51:19 ERR [API] json: unknown field "maxReorderedFrames"
2026/09/21 22:51:19 ERR [API] json: unknown field "maxReorderedFrames"
2026/09/21 22:51:20 ERR [API] json: unknown field "maxReorderedFrames"
2026/09/21 22:51:20 ERR [API] json: unknown field "maxReorderedFrames"
2026/09/21 22:51:20 ERR [API] json: unknown field "maxReorderedFrames"
2026/09/21 22:51:20 ERR [API] json: unknown field "maxReorderedFrames"
2026/09/21 22:51:22 ERR [API] json: unknown field "maxReorderedFrames"
2026/09/21 22:51:22 ERR [API] json: unknown field "maxReorderedFrames"
2026/09/21 22:51:23 ERR [API] json: unknown field "maxReorderedFrames"
2026/09/21 22:51:23 ERR [API] json: unknown field "maxReorderedFrames"
2026/09/21 22:51:24 ERR [API] json: unknown field "maxReorderedFrames"
2026/09/21 22:51:24 ERR [API] json: unknown field "maxReorderedFrames"
2026/09/21 22:51:24 ERR [API] json: unknown field "maxReorderedFrames"
2026/09/21 22:51:24 ERR [API] json: unknown field "maxReorderedFrames"
2026/09/21 22:51:28 ERR [API] json: unknown field "maxReorderedFrames"
2026/09/21 22:51:28 ERR [API] json: unknown field "maxReorderedFrames"
2026/09/21 22:51:28 ERR [API] json: unknown field "maxReorderedFrames"
2026/09/21 22:51:28 ERR [API] json: unknown field "maxReorderedFrames"
2026/09/21 22:51:33 ERR [API] json: unknown field "maxReorderedFrames"
2026/09/21 22:51:33 ERR [API] json: unknown field "maxReorderedFrames"
2026/09/21 22:51:38 ERR [API] json: unknown field "maxReorderedFrames"
2026/09/21 22:51:38 ERR [API] json: unknown field "maxReorderedFrames"
2026/09/21 22:51:41 ERR [API] json: unknown field "maxReorderedFrames"
2026/09/21 22:51:41 ERR [API] json: unknown field "maxReorderedFrames"
2026/09/21 22:51:42 ERR [API] json: unknown field "maxReorderedFrames"
2026/09/21 22:51:42 ERR [API] json: unknown field "maxReorderedFrames"
2026/09/21 22:51:44 ERR [API] json: unknown field "maxReorderedFrames"
2026/09/21 22:51:44 ERR [API] json: unknown field "maxReorderedFrames"
2026/09/21 22:51:47 ERR [API] json: unknown field "maxReorderedFrames"
2026/09/21 22:51:47 ERR [API] json: unknown field "maxReorderedFrames"
2026/09/21 22:51:47 ERR [API] json: unknown field "maxReorderedFrames"
2026/09/21 22:51:47 ERR [API] json: unknown field "maxReorderedFrames"
2026/09/21 22:51:48 ERR [API] json: unknown field "maxReorderedFrames"
2026/09/21 22:51:48 ERR [API] json: unknown field "maxReorderedFrames"
2026/09/21 22:51:48 ERR [API] json: unknown field "maxReorderedFrames"
2026/09/21 22:51:48 ERR [API] json: unknown field "maxReorderedFrames"
2026/09/21 22:51:50 ERR [API] json: unknown field "maxReorderedFrames"
2026/09/21 22:51:50 ERR [API] json: unknown field "maxReorderedFrames"
2026/09/21 22:51:50 ERR [API] json: unknown field "maxReorderedFrames"
2026/09/21 22:51:50 ERR [API] json: unknown field "maxReorderedFrames"
2026/09/21 22:51:52 ERR [API] json: unknown field "maxReorderedFrames"
2026/09/21 22:51:52 ERR [API] json: unknown field "maxReorderedFrames"
2026/09/21 22:51:53 ERR [API] json: unknown field "maxReorderedFrames"
2026/09/21 22:51:53 ERR [API] json: unknown field "maxReorderedFrames"
2026/09/21 22:51:54 ERR [API] json: unknown field "maxReorderedFrames"
2026/09/21 22:51:54 ERR [API] json: unknown field "maxReorderedFrames"
2026/09/21 22:52:02 ERR [API] json: unknown field "maxReorderedFrames"
2026/09/21 22:52:02 ERR [API] json: unknown field "maxReorderedFrames"
2026/09/21 22:52:02 ERR [API] json: unknown field "maxReorderedFrames"
2026/09/21 22:52:02 ERR [API] json: unknown field "maxReorderedFrames"
2026/09/21 22:52:03 ERR [API] json: unknown field "maxReorderedFrames"
2026/09/21 22:52:03 ERR [API] json: unknown field "maxReorderedFrames"
2026/09/21 22:52:04 ERR [API] json: unknown field "maxReorderedFrames"
2026/09/21 22:52:04 ERR [API] json: unknown field "maxReorderedFrames"
2026/09/21 22:52:15 ERR [API] json: unknown field "maxReorderedFrames"
2026/09/21 22:52:15 ERR [API] json: unknown field "maxReorderedFrames"
2026/09/21 22:52:17 ERR [API] json: unknown field "maxReorderedFrames"
2026/09/21 22:52:17 ERR [API] json: unknown field "maxReorderedFrames"
2026/09/21 22:52:18 ERR [API] json: unknown field "maxReorderedFrames"
2026/09/21 22:52:18 ERR [API] json: unknown field "maxReorderedFrames"
2026/09/21 22:52:18 ERR [API] json: unknown field "maxReorderedFrames"
2026/09/21 22:52:18 ERR [API] json: unknown field "maxReorderedFrames"
2026/09/21 22:52:19 ERR [API] json: unknown field "maxReorderedFrames"
2026/09/21 22:52:19 ERR [API] json: unknown field "maxReorderedFrames"
2026/09/21 22:52:20 ERR [API] json: unknown field "maxReorderedFrames"
2026/09/21 22:52:20 ERR [API] json: unknown field "maxReorderedFrames"
2026/09/21 22:52:20 ERR [API] json: unknown field "maxReorderedFrames"
2026/09/21 22:52:20 ERR [API] json: unknown field "maxReorderedFrames"
2026/09/21 22:52:28 ERR [API] json: unknown field "maxReorderedFrames"
2026/09/21 22:52:28 ERR [API] json: unknown field "maxReorderedFrames"
2026/09/21 22:52:31 ERR [API] json: unknown field "maxReorderedFrames"
2026/09/21 22:52:31 ERR [API] json: unknown field "maxReorderedFrames"
2026/09/21 22:52:33 ERR [API] json: unknown field "maxReorderedFrames"
2026/09/21 22:52:33 ERR [API] json: unknown field "maxReorderedFrames"
2026/09/21 22:52:33 ERR [API] json: unknown field "maxReorderedFrames"
2026/09/21 22:52:33 ERR [API] json: unknown field "maxReorderedFrames"
2026/09/21 22:52:34 ERR [API] json: unknown field "maxReorderedFrames"
2026/09/21 22:52:34 ERR [API] json: unknown field "maxReorderedFrames"
2026/09/21 22:52:36 ERR [API] json: unknown field "maxReorderedFrames"
2026/09/21 22:52:36 ERR [API] json: unknown field "maxReorderedFrames"
2026/09/21 22:52:36 ERR [API] json: unknown field "maxReorderedFrames"
2026/09/21 22:52:36 ERR [API] json: unknown field "maxReorderedFrames"
2026/09/21 22:52:38 ERR [API] json: unknown field "maxReorderedFrames"
2026/09/21 22:52:38 ERR [API] json: unknown field "maxReorderedFrames"
2026/09/21 22:52:39 ERR [API] json: unknown field "maxReorderedFrames"
2026/09/21 22:52:39 ERR [API] json: unknown field "maxReorderedFrames"
2026/09/21 22:52:42 ERR [API] json: unknown field "maxReorderedFrames"
2026/09/21 22:52:43 ERR [API] json: unknown field "maxReorderedFrames"
2026/09/21 22:52:43 ERR [API] json: unknown field "maxReorderedFrames"
2026/09/21 22:52:43 ERR [API] json: unknown field "maxReorderedFrames"
2026/09/21 22:52:44 ERR [API] json: unknown field "maxReorderedFrames"
2026/09/21 22:52:44 ERR [API] json: unknown field "maxReorderedFrames"
2026/09/21 22:52:54 ERR [API] json: unknown field "maxReorderedFrames"
2026/09/21 22:52:54 ERR [API] json: unknown field "maxReorderedFrames"
2026/09/21 22:52:57 ERR [API] json: unknown field "maxReorderedFrames"
2026/09/21 22:52:57 ERR [API] json: unknown field "maxReorderedFrames"
2026/09/21 22:52:58 ERR [API] json: unknown field "maxReorderedFrames"
2026/09/21 22:52:58 ERR [API] json: unknown field "maxReorderedFrames"
2026/09/21 22:52:58 ERR [API] json: unknown field "maxReorderedFrames"
2026/09/21 22:52:58 ERR [API] json: unknown field "maxReorderedFrames"
2026/09/21 22:53:00 ERR [API] json: unknown field "maxReorderedFrames"
2026/09/21 22:53:00 ERR [API] json: unknown field "maxReorderedFrames"
2026/09/21 22:53:00 ERR [API] json: unknown field "maxReorderedFrames"
2026/09/21 22:53:00 ERR [API] json: unknown field "maxReorderedFrames"
2026/09/21 22:53:11 ERR [API] json: unknown field "maxReorderedFrames"
2026/09/21 22:53:11 ERR [API] json: unknown field "maxReorderedFrames"
2026/09/21 22:53:11 ERR [API] json: unknown field "maxReorderedFrames"
2026/09/21 22:53:11 ERR [API] json: unknown field "maxReorderedFrames"
2026/09/21 22:53:12 ERR [API] json: unknown field "maxReorderedFrames"
2026/09/21 22:53:12 ERR [API] json: unknown field "maxReorderedFrames"
2026/09/21 22:53:12 ERR [API] json: unknown field "maxReorderedFrames"
2026/09/21 22:53:12 ERR [API] json: unknown field "maxReorderedFrames"
2026/09/21 22:53:13 ERR [API] json: unknown field "maxReorderedFrames"
2026/09/21 22:53:13 ERR [API] json: unknown field "maxReorderedFrames"
2026/09/21 22:53:13 ERR [API] json: unknown field "maxReorderedFrames"
2026/09/21 22:53:13 ERR [API] json: unknown field "maxReorderedFrames"
2026/09/21 22:53:14 ERR [API] json: unknown field "maxReorderedFrames"
2026/09/21 22:53:14 ERR [API] json: unknown field "maxReorderedFrames"
2026/09/21 22:53:15 ERR [API] json: unknown field "maxReorderedFrames"
2026/09/21 22:53:15 ERR [API] json: unknown field "maxReorderedFrames"
2026/09/21 22:53:17 ERR [API] json: unknown field "maxReorderedFrames"
2026/09/21 22:53:17 ERR [API] json: unknown field "maxReorderedFrames"
2026/09/21 22:53:21 ERR [API] json: unknown field "maxReorderedFrames"
2026/09/21 22:53:21 ERR [API] json: unknown field "maxReorderedFrames"
2026/09/21 22:53:21 ERR [API] json: unknown field "maxReorderedFrames"
2026/09/21 22:53:21 ERR [API] json: unknown field "maxReorderedFrames"
2026/09/21 22:53:35 ERR [API] json: unknown field "maxReorderedFrames"
2026/09/21 22:53:35 ERR [API] json: unknown field "maxReorderedFrames"
2026/09/21 22:53:45 ERR [API] json: unknown field "maxReorderedFrames"
2026/09/21 22:53:45 ERR [API] json: unknown field "maxReorderedFrames"
2026/09/21 22:53:46 ERR [API] json: unknown field "maxReorderedFrames"
2026/09/21 22:53:46 ERR [API] json: unknown field "maxReorderedFrames"
2026/09/21 22:53:46 ERR [API] json: unknown field "maxReorderedFrames"
2026/09/21 22:53:46 ERR [API] json: unknown field "maxReorderedFrames"
2026/09/21 22:53:47 ERR [API] json: unknown field "maxReorderedFrames"
2026/09/21 22:53:47 ERR [API] json: unknown field "maxReorderedFrames"
2026/09/21 22:53:48 ERR [API] json: unknown field "maxReorderedFrames"
2026/09/21 22:53:48 ERR [API] json: unknown field "maxReorderedFrames"
2026/09/21 22:53:48 ERR [API] json: unknown field "maxReorderedFrames"
2026/09/21 22:53:48 ERR [API] json: unknown field "maxReorderedFrames"
2026/09/21 22:53:50 ERR [API] json: unknown field "maxReorderedFrames"
2026/09/21 22:53:50 ERR [API] json: unknown field "maxReorderedFrames"
2026/09/21 22:53:51 ERR [API] json: unknown field "maxReorderedFrames"
2026/09/21 22:53:51 ERR [API] json: unknown field "maxReorderedFrames"
2026/09/21 22:53:51 ERR [API] json: unknown field "maxReorderedFrames"
2026/09/21 22:53:51 ERR [API] json: unknown field "maxReorderedFrames"
2026/09/21 22:53:52 ERR [API] json: unknown field "maxReorderedFrames"
2026/09/21 22:53:52 ERR [API] json: unknown field "maxReorderedFrames"
2026/09/21 22:53:55 ERR [API] json: unknown field "maxReorderedFrames"
2026/09/21 22:53:55 ERR [API] json: unknown field "maxReorderedFrames"
2026/09/21 22:53:56 ERR [API] json: unknown field "maxReorderedFrames"
2026/09/21 22:53:56 ERR [API] json: unknown field "maxReorderedFrames"
2026/09/21 22:53:58 ERR [API] json: unknown field "maxReorderedFrames"
2026/09/21 22:53:58 ERR [API] json: unknown field "maxReorderedFrames"
2026/09/21 22:53:59 ERR [API] json: unknown field "maxReorderedFrames"
2026/09/21 22:53:59 ERR [API] json: unknown field "maxReorderedFrames"
2026/09/21 22:54:02 ERR [API] json: unknown field "maxReorderedFrames"
2026/09/21 22:54:02 ERR [API] json: unknown field "maxReorderedFrames"
2026/09/21 22:54:17 ERR [API] json: unknown field "maxReorderedFrames"
2026/09/21 22:54:17 ERR [API] json: unknown field "maxReorderedFrames"
2026/09/21 22:54:18 ERR [API] json: unknown field "maxReorderedFrames"
2026/09/21 22:54:18 ERR [API] json: unknown field "maxReorderedFrames"
2026/09/21 22:54:19 ERR [API] json: unknown field "maxReorderedFrames"
2026/09/21 22:54:19 ERR [API] json: unknown field "maxReorderedFrames"
2026/09/21 22:54:21 ERR [API] json: unknown field "maxReorderedFrames"
2026/09/21 22:54:21 ERR [API] json: unknown field "maxReorderedFrames"
2026/09/21 22:54:21 ERR [API] json: unknown field "maxReorderedFrames"
2026/09/21 22:54:21 ERR [API] json: unknown field "maxReorderedFrames"
2026/09/21 22:54:23 ERR [API] json: unknown field "maxReorderedFrames"
2026/09/21 22:54:23 ERR [API] json: unknown field "maxReorderedFrames"
2026/09/21 22:54:25 ERR [API] json: unknown field "maxReorderedFrames"
2026/09/21 22:54:25 ERR [API] json: unknown field "maxReorderedFrames"
2026/09/21 22:54:25 ERR [API] json: unknown field "maxReorderedFrames"
2026/09/21 22:54:25 ERR [API] json: unknown field "maxReorderedFrames"
2026/09/21 22:54:26 ERR [API] json: unknown field "maxReorderedFrames"
2026/09/21 22:54:26 ERR [API] json: unknown field "maxReorderedFrames"
2026/09/21 22:54:28 ERR [API] json: unknown field "maxReorderedFrames"
2026/09/21 22:54:28 ERR [API] json: unknown field "maxReorderedFrames"
2026/09/21 22:54:29 ERR [API] json: unknown field "maxReorderedFrames"
2026/09/21 22:54:29 ERR [API] json: unknown field "maxReorderedFrames"
2026/09/21 22:54:30 ERR [API] json: unknown field "maxReorderedFrames"
2026/09/21 22:54:30 ERR [API] json: unknown field "maxReorderedFrames"
2026/09/21 22:54:40 ERR [API] json: unknown field "maxReorderedFrames"
2026/09/21 22:54:40 ERR [API] json: unknown field "maxReorderedFrames"
2026/09/21 22:54:41 ERR [API] json: unknown field "maxReorderedFrames"
2026/09/21 22:54:41 ERR [API] json: unknown field "maxReorderedFrames"
2026/09/21 22:54:42 ERR [API] json: unknown field "maxReorderedFrames"
2026/09/21 22:54:42 ERR [API] json: unknown field "maxReorderedFrames"
2026/09/21 22:54:44 ERR [API] json: unknown field "maxReorderedFrames"
2026/09/21 22:54:44 ERR [API] json: unknown field "maxReorderedFrames"
2026/09/21 22:54:45 ERR [API] json: unknown field "maxReorderedFrames"
2026/09/21 22:54:45 ERR [API] json: unknown field "maxReorderedFrames"
2026/09/21 22:54:46 ERR [API] json: unknown field "maxReorderedFrames"
2026/09/21 22:54:46 ERR [API] json: unknown field "maxReorderedFrames"
2026/09/21 22:54:47 ERR [API] json: unknown field "maxReorderedFrames"
2026/09/21 22:54:47 ERR [API] json: unknown field "maxReorderedFrames"
2026/09/21 22:54:51 ERR [API] json: unknown field "maxReorderedFrames"
2026/09/21 22:54:51 ERR [API] json: unknown field "maxReorderedFrames"
2026/09/21 22:54:52 ERR [API] json: unknown field "maxReorderedFrames"
2026/09/21 22:54:52 ERR [API] json: unknown field "maxReorderedFrames"
2026/09/21 22:54:53 ERR [API] json: unknown field "maxReorderedFrames"
2026/09/21 22:54:53 ERR [API] json: unknown field "maxReorderedFrames"
2026/09/21 22:54:53 ERR [API] json: unknown field "maxReorderedFrames"
2026/09/21 22:54:53 ERR [API] json: unknown field "maxReorderedFrames"
2026/09/21 22:54:57 ERR [API] json: unknown field "maxReorderedFrames"
2026/09/21 22:54:57 ERR [API] json: unknown field "maxReorderedFrames"
2026/09/21 22:54:57 ERR [API] json: unknown field "maxReorderedFrames"
2026/09/21 22:54:57 ERR [API] json: unknown field "maxReorderedFrames"
2026/09/21 22:54:59 ERR [API] json: unknown field "maxReorderedFrames"
2026/09/21 22:54:59 ERR [API] json: unknown field "maxReorderedFrames"
2026/09/21 22:55:00 ERR [API] json: unknown field "maxReorderedFrames"
2026/09/21 22:55:00 ERR [API] json: unknown field "maxReorderedFrames"
2026/09/21 22:55:02 ERR [API] json: unknown field "maxReorderedFrames"
2026/09/21 22:55:02 ERR [API] json: unknown field "maxReorderedFrames"
2026/09/21 22:55:02 ERR [API] json: unknown field "maxReorderedFrames"
2026/09/21 22:55:02 ERR [API] json: unknown field "maxReorderedFrames"
2026/09/21 22:55:03 ERR [API] json: unknown field "maxReorderedFrames"
2026/09/21 22:55:03 ERR [API] json: unknown field "maxReorderedFrames"
2026/09/21 22:55:19 ERR [API] json: unknown field "maxReorderedFrames"
2026/09/21 22:55:19 ERR [API] json: unknown field "maxReorderedFrames"
2026/09/21 22:55:22 ERR [API] json: unknown field "maxReorderedFrames"
2026/09/21 22:55:22 ERR [API] json: unknown field "maxReorderedFrames"
2026/09/21 22:55:24 ERR [API] json: unknown field "maxReorderedFrames"
2026/09/21 22:55:24 ERR [API] json: unknown field "maxReorderedFrames"
2026/09/21 22:55:28 ERR [API] json: unknown field "maxReorderedFrames"
2026/09/21 22:55:28 ERR [API] json: unknown field "maxReorderedFrames"
2026/09/21 22:55:28 ERR [API] json: unknown field "maxReorderedFrames"
2026/09/21 22:55:28 ERR [API] json: unknown field "maxReorderedFrames"
2026/09/21 22:55:40 ERR [API] json: unknown field "maxReorderedFrames"
2026/09/21 22:55:40 ERR [API] json: unknown field "maxReorderedFrames"
2026/09/21 22:55:40 ERR [API] json: unknown field "maxReorderedFrames"
2026/09/21 22:55:40 ERR [API] json: unknown field "maxReorderedFrames"
2026/09/21 22:55:41 ERR [API] json: unknown field "maxReorderedFrames"
2026/09/21 22:55:41 ERR [API] json: unknown field "maxReorderedFrames"
2026/09/21 22:55:41 ERR [API] json: unknown field "maxReorderedFrames"
2026/09/21 22:55:41 ERR [API] json: unknown field "maxReorderedFrames"
2026/09/21 22:55:43 ERR [API] json: unknown field "maxReorderedFrames"
2026/09/21 22:55:43 ERR [API] json: unknown field "maxReorderedFrames"
2026/09/21 22:55:43 ERR [API] json: unknown field "maxReorderedFrames"
2026/09/21 22:55:43 ERR [API] json: unknown field "maxReorderedFrames"
2026/09/21 22:55:44 ERR [API] json: unknown field "maxReorderedFrames"
2026/09/21 22:55:44 ERR [API] json: unknown field "maxReorderedFrames"
2026/09/21 22:55:45 ERR [API] json: unknown field "maxReorderedFrames"
2026/09/21 22:55:45 ERR [API] json: unknown field "maxReorderedFrames"
2026/09/21 22:55:46 ERR [API] json: unknown field "maxReorderedFrames"
2026/09/21 22:55:46 ERR [API] json: unknown field "maxReorderedFrames"
2026/09/21 22:55:47 ERR [API] json: unknown field "maxReorderedFrames"
2026/09/21 22:55:47 ERR [API] json: unknown field "maxReorderedFrames"
2026/09/21 22:55:48 ERR [API] json: unknown field "maxReorderedFrames"
2026/09/21 22:55:48 ERR [API] json: unknown field "maxReorderedFrames"
2026/09/21 22:55:48 ERR [API] json: unknown field "maxReorderedFrames"
2026/09/21 22:55:48 ERR [API] json: unknown field "maxReorderedFrames"
2026/09/21 22:55:49 ERR [API] json: unknown field "maxReorderedFrames"
2026/09/21 22:55:49 ERR [API] json: unknown field "maxReorderedFrames"
2026/09/21 22:55:51 ERR [API] json: unknown field "maxReorderedFrames"
2026/09/21 22:55:51 ERR [API] json: unknown field "maxReorderedFrames"
2026/09/21 22:55:51 ERR [API] json: unknown field "maxReorderedFrames"
2026/09/21 22:55:51 ERR [API] json: unknown field "maxReorderedFrames"
2026/09/21 22:55:52 ERR [API] json: unknown field "maxReorderedFrames"
2026/09/21 22:55:52 ERR [API] json: unknown field "maxReorderedFrames"
2026/09/21 22:55:53 ERR [API] json: unknown field "maxReorderedFrames"
2026/09/21 22:55:53 ERR [API] json: unknown field "maxReorderedFrames"
2026/09/21 22:55:54 ERR [API] json: unknown field "maxReorderedFrames"
2026/09/21 22:55:54 ERR [API] json: unknown field "maxReorderedFrames"
2026/09/21 22:55:55 ERR [API] json: unknown field "maxReorderedFrames"
2026/09/21 22:55:55 ERR [API] json: unknown field "maxReorderedFrames"
2026/09/21 22:55:55 ERR [API] json: unknown field "maxReorderedFrames"
2026/09/21 22:55:55 ERR [API] json: unknown field "maxReorderedFrames"
2026/09/21 22:55:55 ERR [API] json: unknown field "maxReorderedFrames"
2026/09/21 22:55:55 ERR [API] json: unknown field "maxReorderedFrames"
2026/09/21 22:55:56 ERR [API] json: unknown field "maxReorderedFrames"
2026/09/21 22:55:56 ERR [API] json: unknown field "maxReorderedFrames"
2026/09/21 22:55:57 ERR [API] json: unknown field "maxReorderedFrames"
2026/09/21 22:55:57 ERR [API] json: unknown field "maxReorderedFrames"
2026/09/21 22:55:57 ERR [API] json: unknown field "maxReorderedFrames"
2026/09/21 22:55:57 ERR [API] json: unknown field "maxReorderedFrames"
2026/09/21 22:55:59 ERR [API] json: unknown field "maxReorderedFrames"
2026/09/21 22:55:59 ERR [API] json: unknown field "maxReorderedFrames"
2026/09/21 22:55:59 ERR [API] json: unknown field "maxReorderedFrames"
2026/09/21 22:55:59 ERR [API] json: unknown field "maxReorderedFrames"
2026/09/21 22:56:00 ERR [API] json: unknown field "maxReorderedFrames"
2026/09/21 22:56:00 ERR [API] json: unknown field "maxReorderedFrames"
2026/09/21 22:56:04 ERR [API] json: unknown field "maxReorderedFrames"
2026/09/21 22:56:04 ERR [API] json: unknown field "maxReorderedFrames"
2026/09/21 22:56:05 ERR [API] json: unknown field "maxReorderedFrames"
2026/09/21 22:56:05 ERR [API] json: unknown field "maxReorderedFrames"
2026/09/21 22:56:06 ERR [API] json: unknown field "maxReorderedFrames"
2026/09/21 22:56:07 ERR [API] json: unknown field "maxReorderedFrames"
2026/09/21 22:56:07 ERR [API] json: unknown field "maxReorderedFrames"
2026/09/21 22:56:07 ERR [API] json: unknown field "maxReorderedFrames"
2026/09/21 22:56:08 ERR [API] json: unknown field "maxReorderedFrames"
2026/09/21 22:56:08 ERR [API] json: unknown field "maxReorderedFrames"
2026/09/21 22:56:11 ERR [API] json: unknown field "maxReorderedFrames"
2026/09/21 22:56:11 ERR [API] json: unknown field "maxReorderedFrames"
2026/09/21 22:56:12 ERR [API] json: unknown field "maxReorderedFrames"
2026/09/21 22:56:12 ERR [API] json: unknown field "maxReorderedFrames"
2026/09/21 22:56:13 ERR [API] json: unknown field "maxReorderedFrames"
2026/09/21 22:56:13 ERR [API] json: unknown field "maxReorderedFrames"
2026/09/21 22:56:13 ERR [API] json: unknown field "maxReorderedFrames"
2026/09/21 22:56:13 ERR [API] json: unknown field "maxReorderedFrames"
2026/09/21 22:56:14 ERR [API] json: unknown field "maxReorderedFrames"
2026/09/21 22:56:14 ERR [API] json: unknown field "maxReorderedFrames"
2026/09/21 22:56:16 ERR [API] json: unknown field "maxReorderedFrames"
2026/09/21 22:56:16 ERR [API] json: unknown field "maxReorderedFrames"
2026/09/21 22:56:23 ERR [API] json: unknown field "maxReorderedFrames"
2026/09/21 22:56:23 ERR [API] json: unknown field "maxReorderedFrames"
2026/09/21 22:56:24 ERR [API] json: unknown field "maxReorderedFrames"
2026/09/21 22:56:24 ERR [API] json: unknown field "maxReorderedFrames"
2026/09/21 22:56:25 ERR [API] json: unknown field "maxReorderedFrames"
2026/09/21 22:56:25 ERR [API] json: unknown field "maxReorderedFrames"
2026/09/21 22:56:25 ERR [API] json: unknown field "maxReorderedFrames"
2026/09/21 22:56:25 ERR [API] json: unknown field "maxReorderedFrames"
2026/09/21 22:56:25 ERR [API] json: unknown field "maxReorderedFrames"
2026/09/21 22:56:25 ERR [API] json: unknown field "maxReorderedFrames"
2026/09/21 22:56:25 ERR [API] json: unknown field "maxReorderedFrames"
2026/09/21 22:56:25 ERR [API] json: unknown field "maxReorderedFrames"
2026/09/21 22:56:28 ERR [API] json: unknown field "maxReorderedFrames"
2026/09/21 22:56:29 ERR [API] json: unknown field "maxReorderedFrames"
2026/09/21 22:56:29 ERR [API] json: unknown field "maxReorderedFrames"
2026/09/21 22:56:29 ERR [API] json: unknown field "maxReorderedFrames"
2026/09/21 22:56:32 ERR [API] json: unknown field "maxReorderedFrames"
2026/09/21 22:56:32 ERR [API] json: unknown field "maxReorderedFrames"
2026/09/21 22:56:32 ERR [API] json: unknown field "maxReorderedFrames"
2026/09/21 22:56:32 ERR [API] json: unknown field "maxReorderedFrames"
2026/09/21 22:56:33 ERR [API] json: unknown field "maxReorderedFrames"
2026/09/21 22:56:33 ERR [API] json: unknown field "maxReorderedFrames"
2026/09/21 22:56:33 ERR [API] json: unknown field "maxReorderedFrames"
2026/09/21 22:56:33 ERR [API] json: unknown field "maxReorderedFrames"
2026/09/21 22:56:35 ERR [API] json: unknown field "maxReorderedFrames"
2026/09/21 22:56:35 ERR [API] json: unknown field "maxReorderedFrames"
2026/09/21 22:56:36 ERR [API] json: unknown field "maxReorderedFrames"
2026/09/21 22:56:36 ERR [API] json: unknown field "maxReorderedFrames"
2026/09/21 22:56:38 ERR [API] json: unknown field "maxReorderedFrames"
2026/09/21 22:56:38 ERR [API] json: unknown field "maxReorderedFrames"
2026/09/21 22:56:39 ERR [API] json: unknown field "maxReorderedFrames"
2026/09/21 22:56:39 ERR [API] json: unknown field "maxReorderedFrames"
2026/09/21 22:56:44 ERR [API] json: unknown field "maxReorderedFrames"
2026/09/21 22:56:44 ERR [API] json: unknown field "maxReorderedFrames"
2026/09/21 22:56:46 ERR [API] json: unknown field "maxReorderedFrames"
2026/09/21 22:56:46 ERR [API] json: unknown field "maxReorderedFrames"
2026/09/21 22:56:50 ERR [API] json: unknown field "maxReorderedFrames"
2026/09/21 22:56:50 ERR [API] json: unknown field "maxReorderedFrames"
2026/09/21 22:56:50 ERR [API] json: unknown field "maxReorderedFrames"
2026/09/21 22:56:50 ERR [API] json: unknown field "maxReorderedFrames"
2026/09/21 22:56:51 ERR [API] json: unknown field "maxReorderedFrames"
2026/09/21 22:56:51 ERR [API] json: unknown field "maxReorderedFrames"
2026/09/21 22:56:51 ERR [API] json: unknown field "maxReorderedFrames"
2026/09/21 22:56:51 ERR [API] json: unknown field "maxReorderedFrames"
2026/09/21 22:56:51 ERR [API] json: unknown field "maxReorderedFrames"
2026/09/21 22:56:51 ERR [API] json: unknown field "maxReorderedFrames"
2026/09/21 22:56:51 ERR [API] json: unknown field "maxReorderedFrames"
2026/09/21 22:56:51 ERR [API] json: unknown field "maxReorderedFrames"
2026/09/21 22:56:52 ERR [API] json: unknown field "maxReorderedFrames"
2026/09/21 22:56:52 ERR [API] json: unknown field "maxReorderedFrames"
2026/09/21 22:56:52 ERR [API] json: unknown field "maxReorderedFrames"
2026/09/21 22:56:52 ERR [API] json: unknown field "maxReorderedFrames"
2026/09/21 22:56:53 ERR [API] json: unknown field "maxReorderedFrames"
2026/09/21 22:56:53 ERR [API] json: unknown field "maxReorderedFrames"
2026/09/21 22:56:53 ERR [API] json: unknown field "maxReorderedFrames"
2026/09/21 22:56:53 ERR [API] json: unknown field "maxReorderedFrames"
2026/09/21 22:56:56 ERR [API] json: unknown field "maxReorderedFrames"
2026/09/21 22:56:56 ERR [API] json: unknown field "maxReorderedFrames"
2026/09/21 22:56:56 ERR [API] json: unknown field "maxReorderedFrames"
2026/09/21 22:56:56 ERR [API] json: unknown field "maxReorderedFrames"
2026/09/21 22:56:57 ERR [API] json: unknown field "maxReorderedFrames"
2026/09/21 22:56:57 ERR [API] json: unknown field "maxReorderedFrames"
2026/09/21 22:57:03 ERR [API] json: unknown field "maxReorderedFrames"
2026/09/21 22:57:03 ERR [API] json: unknown field "maxReorderedFrames"
2026/09/21 22:57:06 ERR [API] json: unknown field "maxReorderedFrames"
2026/09/21 22:57:06 ERR [API] json: unknown field "maxReorderedFrames"
2026/09/21 22:57:09 ERR [API] json: unknown field "maxReorderedFrames"
2026/09/21 22:57:09 ERR [API] json: unknown field "maxReorderedFrames"
2026/09/21 22:57:11 ERR [API] json: unknown field "maxReorderedFrames"
2026/09/21 22:57:11 ERR [API] json: unknown field "maxReorderedFrames"
2026/09/21 22:57:12 ERR [API] json: unknown field "maxReorderedFrames"
2026/09/21 22:57:12 ERR [API] json: unknown field "maxReorderedFrames"
2026/09/21 22:57:12 ERR [API] json: unknown field "maxReorderedFrames"
2026/09/21 22:57:12 ERR [API] json: unknown field "maxReorderedFrames"
2026/09/21 22:57:13 ERR [API] json: unknown field "maxReorderedFrames"
2026/09/21 22:57:13 ERR [API] json: unknown field "maxReorderedFrames"
2026/09/21 22:57:14 ERR [API] json: unknown field "maxReorderedFrames"
2026/09/21 22:57:14 ERR [API] json: unknown field "maxReorderedFrames"
2026/09/21 22:57:14 ERR [API] json: unknown field "maxReorderedFrames"
2026/09/21 22:57:14 ERR [API] json: unknown field "maxReorderedFrames"
2026/09/21 22:57:15 ERR [API] json: unknown field "maxReorderedFrames"
2026/09/21 22:57:15 ERR [API] json: unknown field "maxReorderedFrames"
2026/09/21 22:57:16 ERR [API] json: unknown field "maxReorderedFrames"
2026/09/21 22:57:16 ERR [API] json: unknown field "maxReorderedFrames"
2026/09/21 22:57:16 ERR [API] json: unknown field "maxReorderedFrames"
2026/09/21 22:57:16 ERR [API] json: unknown field "maxReorderedFrames"
2026/09/21 22:57:19 ERR [API] json: unknown field "maxReorderedFrames"
2026/09/21 22:57:19 ERR [API] json: unknown field "maxReorderedFrames"
2026/09/21 22:57:19 ERR [API] json: unknown field "maxReorderedFrames"
2026/09/21 22:57:19 ERR [API] json: unknown field "maxReorderedFrames"
2026/09/21 22:57:20 ERR [API] json: unknown field "maxReorderedFrames"
2026/09/21 22:57:20 ERR [API] json: unknown field "maxReorderedFrames"
2026/09/21 22:57:20 ERR [API] json: unknown field "maxReorderedFrames"
2026/09/21 22:57:20 ERR [API] json: unknown field "maxReorderedFrames"
2026/09/21 22:57:21 ERR [API] json: unknown field "maxReorderedFrames"
2026/09/21 22:57:21 ERR [API] json: unknown field "maxReorderedFrames"
2026/09/21 22:57:24 ERR [API] json: unknown field "maxReorderedFrames"
2026/09/21 22:57:24 ERR [API] json: unknown field "maxReorderedFrames"
2026/09/21 22:57:24 ERR [API] json: unknown field "maxReorderedFrames"
2026/09/21 22:57:24 ERR [API] json: unknown field "maxReorderedFrames"
2026/09/21 22:57:25 ERR [API] json: unknown field "maxReorderedFrames"
2026/09/21 22:57:25 ERR [API] json: unknown field "maxReorderedFrames"
2026/09/21 22:57:27 ERR [API] json: unknown field "maxReorderedFrames"
2026/09/21 22:57:27 ERR [API] json: unknown field "maxReorderedFrames"
2026/09/21 22:57:28 ERR [API] json: unknown field "maxReorderedFrames"
2026/09/21 22:57:28 ERR [API] json: unknown field "maxReorderedFrames"
2026/09/21 22:57:29 ERR [API] json: unknown field "maxReorderedFrames"
2026/09/21 22:57:29 ERR [API] json: unknown field "maxReorderedFrames"
2026/09/21 22:57:29 ERR [API] json: unknown field "maxReorderedFrames"
2026/09/21 22:57:29 ERR [API] json: unknown field "maxReorderedFrames"
2026/09/21 22:57:30 ERR [API] json: unknown field "maxReorderedFrames"
2026/09/21 22:57:30 ERR [API] json: unknown field "maxReorderedFrames"
2026/09/21 22:57:30 ERR [API] json: unknown field "maxReorderedFrames"
2026/09/21 22:57:30 ERR [API] json: unknown field "maxReorderedFrames"
2026/09/21 22:57:31 ERR [API] json: unknown field "maxReorderedFrames"
2026/09/21 22:57:31 ERR [API] json: unknown field "maxReorderedFrames"
2026/09/21 22:57:31 ERR [API] json: unknown field "maxReorderedFrames"
2026/09/21 22:57:31 ERR [API] json: unknown field "maxReorderedFrames"
2026/09/21 22:57:32 ERR [API] json: unknown field "maxReorderedFrames"
2026/09/21 22:57:32 ERR [API] json: unknown field "maxReorderedFrames"
2026/09/21 22:57:33 ERR [API] json: unknown field "maxReorderedFrames"
2026/09/21 22:57:33 ERR [API] json: unknown field "maxReorderedFrames"
2026/09/21 22:57:34 ERR [API] json: unknown field "maxReorderedFrames"
2026/09/21 22:57:34 ERR [API] json: unknown field "maxReorderedFrames"
2026/09/21 22:57:35 ERR [API] json: unknown field "maxReorderedFrames"
2026/09/21 22:57:36 ERR [API] json: unknown field "maxReorderedFrames"
2026/09/21 22:57:37 ERR [API] json: unknown field "maxReorderedFrames"
2026/09/21 22:57:37 ERR [API] json: unknown field "maxReorderedFrames"
2026/09/21 22:57:37 ERR [API] json: unknown field "maxReorderedFrames"
2026/09/21 22:57:37 ERR [API] json: unknown field "maxReorderedFrames"
2026/09/21 22:57:40 ERR [API] json: unknown field "maxReorderedFrames"
2026/09/21 22:57:40 ERR [API] json: unknown field "maxReorderedFrames"
2026/09/21 22:57:41 ERR [API] json: unknown field "maxReorderedFrames"
2026/09/21 22:57:41 ERR [API] json: unknown field "maxReorderedFrames"
2026/09/21 22:57:41 ERR [API] json: unknown field "maxReorderedFrames"
2026/09/21 22:57:42 ERR [API] json: unknown field "maxReorderedFrames"
2026/09/21 22:57:42 ERR [API] json: unknown field "maxReorderedFrames"
2026/09/21 22:57:42 ERR [API] json: unknown field "maxReorderedFrames"
2026/09/21 22:57:43 ERR [API] json: unknown field "maxReorderedFrames"
2026/09/21 22:57:43 ERR [API] json: unknown field "maxReorderedFrames"
2026/09/21 22:57:44 ERR [API] json: unknown field "maxReorderedFrames"
2026/09/21 22:57:44 ERR [API] json: unknown field "maxReorderedFrames"
2026/09/21 22:57:45 ERR [API] json: unknown field "maxReorderedFrames"
2026/09/21 22:57:45 ERR [API] json: unknown field "maxReorderedFrames"
2026/09/21 22:57:45 ERR [API] json: unknown field "maxReorderedFrames"
2026/09/21 22:57:46 ERR [API] json: unknown field "maxReorderedFrames"
2026/09/21 22:57:46 ERR [API] json: unknown field "maxReorderedFrames"
2026/09/21 22:57:46 ERR [API] json: unknown field "maxReorderedFrames"
2026/09/21 22:57:47 ERR [API] json: unknown field "maxReorderedFrames"
2026/09/21 22:57:47 ERR [API] json: unknown field "maxReorderedFrames"
2026/09/21 22:57:48 ERR [API] json: unknown field "maxReorderedFrames"
2026/09/21 22:57:48 ERR [API] json: unknown field "maxReorderedFrames"
2026/09/21 22:57:49 ERR [API] json: unknown field "maxReorderedFrames"
2026/09/21 22:57:49 ERR [API] json: unknown field "maxReorderedFrames"
2026/09/21 22:57:51 ERR [API] json: unknown field "maxReorderedFrames"
2026/09/21 22:57:51 ERR [API] json: unknown field "maxReorderedFrames"
2026/09/21 22:57:52 ERR [API] json: unknown field "maxReorderedFrames"
2026/09/21 22:57:52 ERR [API] json: unknown field "maxReorderedFrames"
2026/09/21 22:57:53 ERR [API] json: unknown field "maxReorderedFrames"
2026/09/21 22:57:53 ERR [API] json: unknown field "maxReorderedFrames"
2026/09/21 22:57:54 ERR [API] json: unknown field "maxReorderedFrames"
2026/09/21 22:57:54 ERR [API] json: unknown field "maxReorderedFrames"
2026/09/21 22:57:55 ERR [API] json: unknown field "maxReorderedFrames"
2026/09/21 22:57:55 ERR [API] json: unknown field "maxReorderedFrames"
2026/09/21 22:57:56 ERR [API] json: unknown field "maxReorderedFrames"
2026/09/21 22:57:56 ERR [API] json: unknown field "maxReorderedFrames"
2026/09/21 22:57:56 ERR [API] json: unknown field "maxReorderedFrames"
2026/09/21 22:57:56 ERR [API] json: unknown field "maxReorderedFrames"
2026/09/21 22:57:57 ERR [API] json: unknown field "maxReorderedFrames"
2026/09/21 22:57:57 ERR [API] json: unknown field "maxReorderedFrames"
2026/09/21 22:57:58 ERR [API] json: unknown field "maxReorderedFrames"
2026/09/21 22:57:58 ERR [API] json: unknown field "maxReorderedFrames"
2026/09/21 22:57:58 ERR [API] json: unknown field "maxReorderedFrames"
2026/09/21 22:57:58 ERR [API] json: unknown field "maxReorderedFrames"
2026/09/21 22:58:00 ERR [API] json: unknown field "maxReorderedFrames"
2026/09/21 22:58:00 ERR [API] json: unknown field "maxReorderedFrames"
2026/09/21 22:58:01 ERR [API] json: unknown field "maxReorderedFrames"
2026/09/21 22:58:01 ERR [API] json: unknown field "maxReorderedFrames"
2026/09/21 22:58:02 ERR [API] json: unknown field "maxReorderedFrames"
2026/09/21 22:58:02 ERR [API] json: unknown field "maxReorderedFrames"
2026/09/21 22:58:02 ERR [API] json: unknown field "maxReorderedFrames"
2026/09/21 22:58:02 ERR [API] json: unknown field "maxReorderedFrames"
2026/09/21 22:58:03 ERR [API] json: unknown field "maxReorderedFrames"
2026/09/21 22:58:03 ERR [API] json: unknown field "maxReorderedFrames"
2026/09/21 22:58:06 ERR [API] json: unknown field "maxReorderedFrames"
2026/09/21 22:58:06 ERR [API] json: unknown field "maxReorderedFrames"
2026/09/21 22:58:12 ERR [API] json: unknown field "maxReorderedFrames"
2026/09/21 22:58:12 ERR [API] json: unknown field "maxReorderedFrames"
2026/09/21 22:58:13 ERR [API] json: unknown field "maxReorderedFrames"
2026/09/21 22:58:13 ERR [API] json: unknown field "maxReorderedFrames"
2026/09/21 22:58:14 ERR [API] json: unknown field "maxReorderedFrames"
2026/09/21 22:58:14 ERR [API] json: unknown field "maxReorderedFrames"
2026/09/21 22:58:15 ERR [API] json: unknown field "maxReorderedFrames"
2026/09/21 22:58:15 ERR [API] json: unknown field "maxReorderedFrames"
2026/09/21 22:58:17 ERR [API] json: unknown field "maxReorderedFrames"
2026/09/21 22:58:17 ERR [API] json: unknown field "maxReorderedFrames"
2026/09/21 22:58:17 ERR [API] json: unknown field "maxReorderedFrames"
2026/09/21 22:58:17 ERR [API] json: unknown field "maxReorderedFrames"
2026/09/21 22:58:19 ERR [API] json: unknown field "maxReorderedFrames"
2026/09/21 22:58:19 ERR [API] json: unknown field "maxReorderedFrames"
2026/09/21 22:58:20 ERR [API] json: unknown field "maxReorderedFrames"
2026/09/21 22:58:20 ERR [API] json: unknown field "maxReorderedFrames"
2026/09/21 22:58:26 ERR [API] json: unknown field "maxReorderedFrames"
2026/09/21 22:58:26 ERR [API] json: unknown field "maxReorderedFrames"
2026/09/21 22:58:28 ERR [API] json: unknown field "maxReorderedFrames"
2026/09/21 22:58:28 ERR [API] json: unknown field "maxReorderedFrames"
2026/09/21 22:58:29 ERR [API] json: unknown field "maxReorderedFrames"
2026/09/21 22:58:29 ERR [API] json: unknown field "maxReorderedFrames"
2026/09/21 22:58:30 ERR [API] json: unknown field "maxReorderedFrames"
2026/09/21 22:58:30 ERR [API] json: unknown field "maxReorderedFrames"
2026/09/21 22:58:32 ERR [API] json: unknown field "maxReorderedFrames"
2026/09/21 22:58:32 ERR [API] json: unknown field "maxReorderedFrames"
2026/09/21 22:58:32 ERR [API] json: unknown field "maxReorderedFrames"
2026/09/21 22:58:32 ERR [API] json: unknown field "maxReorderedFrames"
2026/09/21 22:58:32 ERR [API] json: unknown field "maxReorderedFrames"
2026/09/21 22:58:32 ERR [API] json: unknown field "maxReorderedFrames"
2026/09/21 22:58:33 ERR [API] json: unknown field "maxReorderedFrames"
2026/09/21 22:58:33 ERR [API] json: unknown field "maxReorderedFrames"
2026/09/21 22:58:33 ERR [API] json: unknown field "maxReorderedFrames"
2026/09/21 22:58:33 ERR [API] json: unknown field "maxReorderedFrames"
2026/09/21 22:58:34 ERR [API] json: unknown field "maxReorderedFrames"
2026/09/21 22:58:34 ERR [API] json: unknown field "maxReorderedFrames"
2026/09/21 22:58:35 ERR [API] json: unknown field "maxReorderedFrames"
2026/09/21 22:58:35 ERR [API] json: unknown field "maxReorderedFrames"
2026/09/21 22:58:35 ERR [API] json: unknown field "maxReorderedFrames"
2026/09/21 22:58:35 ERR [API] json: unknown field "maxReorderedFrames"
2026/09/21 22:58:38 ERR [API] json: unknown field "maxReorderedFrames"
2026/09/21 22:58:38 ERR [API] json: unknown field "maxReorderedFrames"
2026/09/21 22:58:39 ERR [API] json: unknown field "maxReorderedFrames"
2026/09/21 22:58:39 ERR [API] json: unknown field "maxReorderedFrames"
2026/09/21 22:58:41 ERR [API] json: unknown field "maxReorderedFrames"
2026/09/21 22:58:41 ERR [API] json: unknown field "maxReorderedFrames"
2026/09/21 22:58:42 ERR [API] json: unknown field "maxReorderedFrames"
2026/09/21 22:58:42 ERR [API] json: unknown field "maxReorderedFrames"
2026/09/21 22:58:42 ERR [API] json: unknown field "maxReorderedFrames"
2026/09/21 22:58:42 ERR [API] json: unknown field "maxReorderedFrames"
2026/09/21 22:58:45 ERR [API] json: unknown field "maxReorderedFrames"
2026/09/21 22:58:45 ERR [API] json: unknown field "maxReorderedFrames"
2026/09/21 22:58:45 ERR [API] json: unknown field "maxReorderedFrames"
2026/09/21 22:58:45 ERR [API] json: unknown field "maxReorderedFrames"
2026/09/21 22:58:46 ERR [API] json: unknown field "maxReorderedFrames"
2026/09/21 22:58:46 ERR [API] json: unknown field "maxReorderedFrames"
2026/09/21 22:58:48 ERR [API] json: unknown field "maxReorderedFrames"
2026/09/21 22:58:48 ERR [API] json: unknown field "maxReorderedFrames"
2026/09/21 22:58:48 ERR [API] json: unknown field "maxReorderedFrames"
2026/09/21 22:58:48 ERR [API] json: unknown field "maxReorderedFrames"
2026/09/21 22:58:51 ERR [API] json: unknown field "maxReorderedFrames"
2026/09/21 22:58:51 ERR [API] json: unknown field "maxReorderedFrames"
2026/09/21 22:58:53 ERR [API] json: unknown field "maxReorderedFrames"
2026/09/21 22:58:53 ERR [API] json: unknown field "maxReorderedFrames"
2026/09/21 22:58:54 ERR [API] json: unknown field "maxReorderedFrames"
2026/09/21 22:58:54 ERR [API] json: unknown field "maxReorderedFrames"
2026/09/21 22:58:54 ERR [API] json: unknown field "maxReorderedFrames"
2026/09/21 22:58:54 ERR [API] json: unknown field "maxReorderedFrames"
2026/09/21 22:58:56 ERR [API] json: unknown field "maxReorderedFrames"
2026/09/21 22:58:56 ERR [API] json: unknown field "maxReorderedFrames"
2026/09/21 22:58:56 ERR [API] json: unknown field "maxReorderedFrames"
2026/09/21 22:58:56 ERR [API] json: unknown field "maxReorderedFrames"
2026/09/21 22:58:57 ERR [API] json: unknown field "maxReorderedFrames"
2026/09/21 22:58:57 ERR [API] json: unknown field "maxReorderedFrames"
2026/09/21 22:58:57 ERR [API] json: unknown field "maxReorderedFrames"
2026/09/21 22:58:57 ERR [API] json: unknown field "maxReorderedFrames"
2026/09/21 22:58:58 ERR [API] json: unknown field "maxReorderedFrames"
2026/09/21 22:58:58 ERR [API] json: unknown field "maxReorderedFrames"
2026/09/21 22:58:59 ERR [API] json: unknown field "maxReorderedFrames"
2026/09/21 22:58:59 ERR [API] json: unknown field "maxReorderedFrames"
2026/09/21 22:58:59 ERR [API] json: unknown field "maxReorderedFrames"
2026/09/21 22:58:59 ERR [API] json: unknown field "maxReorderedFrames"
2026/09/21 22:58:59 ERR [API] json: unknown field "maxReorderedFrames"
2026/09/21 22:58:59 ERR [API] json: unknown field "maxReorderedFrames"
2026/09/21 22:59:04 ERR [API] json: unknown field "maxReorderedFrames"
2026/09/21 22:59:04 ERR [API] json: unknown field "maxReorderedFrames"
2026/09/21 22:59:12 ERR [API] json: unknown field "maxReorderedFrames"
2026/09/21 22:59:12 ERR [API] json: unknown field "maxReorderedFrames"
2026/09/21 22:59:12 ERR [API] json: unknown field "maxReorderedFrames"
2026/09/21 22:59:12 ERR [API] json: unknown field "maxReorderedFrames"
2026/09/21 22:59:14 ERR [API] json: unknown field "maxReorderedFrames"
2026/09/21 22:59:14 ERR [API] json: unknown field "maxReorderedFrames"
2026/09/21 22:59:14 ERR [API] json: unknown field "maxReorderedFrames"
2026/09/21 22:59:14 ERR [API] json: unknown field "maxReorderedFrames"
2026/09/21 22:59:16 ERR [API] json: unknown field "maxReorderedFrames"
2026/09/21 22:59:16 ERR [API] json: unknown field "maxReorderedFrames"
2026/09/21 22:59:16 ERR [API] json: unknown field "maxReorderedFrames"
2026/09/21 22:59:16 ERR [API] json: unknown field "maxReorderedFrames"
2026/09/21 22:59:17 ERR [API] json: unknown field "maxReorderedFrames"
2026/09/21 22:59:17 ERR [API] json: unknown field "maxReorderedFrames"
2026/09/21 22:59:17 ERR [API] json: unknown field "maxReorderedFrames"
2026/09/21 22:59:17 ERR [API] json: unknown field "maxReorderedFrames"
2026/09/21 22:59:19 ERR [API] json: unknown field "maxReorderedFrames"
2026/09/21 22:59:19 ERR [API] json: unknown field "maxReorderedFrames"
2026/09/21 22:59:19 ERR [API] json: unknown field "maxReorderedFrames"
2026/09/21 22:59:19 ERR [API] json: unknown field "maxReorderedFrames"
2026/09/21 22:59:21 ERR [API] json: unknown field "maxReorderedFrames"
2026/09/21 22:59:21 ERR [API] json: unknown field "maxReorderedFrames"
2026/09/21 22:59:21 ERR [API] json: unknown field "maxReorderedFrames"
2026/09/21 22:59:21 ERR [API] json: unknown field "maxReorderedFrames"
2026/09/21 22:59:28 ERR [API] json: unknown field "maxReorderedFrames"
2026/09/21 22:59:28 ERR [API] json: unknown field "maxReorderedFrames"
2026/09/21 22:59:29 ERR [API] json: unknown field "maxReorderedFrames"
2026/09/21 22:59:29 ERR [API] json: unknown field "maxReorderedFrames"
2026/09/21 22:59:30 ERR [API] json: unknown field "maxReorderedFrames"
2026/09/21 22:59:30 ERR [API] json: unknown field "maxReorderedFrames"
2026/09/21 22:59:30 ERR [API] json: unknown field "maxReorderedFrames"
2026/09/21 22:59:30 ERR [API] json: unknown field "maxReorderedFrames"
2026/09/21 22:59:33 ERR [API] json: unknown field "maxReorderedFrames"
2026/09/21 22:59:33 ERR [API] json: unknown field "maxReorderedFrames"
2026/09/21 22:59:34 ERR [API] json: unknown field "maxReorderedFrames"
2026/09/21 22:59:34 ERR [API] json: unknown field "maxReorderedFrames"
2026/09/21 22:59:35 ERR [API] json: unknown field "maxReorderedFrames"
2026/09/21 22:59:35 ERR [API] json: unknown field "maxReorderedFrames"
2026/09/21 22:59:35 ERR [API] json: unknown field "maxReorderedFrames"
2026/09/21 22:59:35 ERR [API] json: unknown field "maxReorderedFrames"
2026/09/21 22:59:36 ERR [API] json: unknown field "maxReorderedFrames"
2026/09/21 22:59:36 ERR [API] json: unknown field "maxReorderedFrames"
2026/09/21 22:59:38 ERR [API] json: unknown field "maxReorderedFrames"
2026/09/21 22:59:38 ERR [API] json: unknown field "maxReorderedFrames"
2026/09/21 22:59:39 ERR [API] json: unknown field "maxReorderedFrames"
2026/09/21 22:59:39 ERR [API] json: unknown field "maxReorderedFrames"
2026/09/21 22:59:39 ERR [API] json: unknown field "maxReorderedFrames"
2026/09/21 22:59:39 ERR [API] json: unknown field "maxReorderedFrames"
2026/09/21 22:59:42 ERR [API] json: unknown field "maxReorderedFrames"
2026/09/21 22:59:42 ERR [API] json: unknown field "maxReorderedFrames"
2026/09/21 22:59:44 ERR [API] json: unknown field "maxReorderedFrames"
2026/09/21 22:59:44 ERR [API] json: unknown field "maxReorderedFrames"
2026/09/21 22:59:46 ERR [API] json: unknown field "maxReorderedFrames"
2026/09/21 22:59:46 ERR [API] json: unknown field "maxReorderedFrames"
2026/09/21 22:59:46 ERR [API] json: unknown field "maxReorderedFrames"
2026/09/21 22:59:46 ERR [API] json: unknown field "maxReorderedFrames"
2026/09/21 22:59:47 ERR [API] json: unknown field "maxReorderedFrames"
2026/09/21 22:59:47 ERR [API] json: unknown field "maxReorderedFrames"
2026/09/21 22:59:47 ERR [API] json: unknown field "maxReorderedFrames"
2026/09/21 22:59:47 ERR [API] json: unknown field "maxReorderedFrames"
2026/09/21 22:59:48 ERR [API] json: unknown field "maxReorderedFrames"
2026/09/21 22:59:48 ERR [API] json: unknown field "maxReorderedFrames"
2026/09/21 22:59:48 ERR [API] json: unknown field "maxReorderedFrames"
2026/09/21 22:59:48 ERR [API] json: unknown field "maxReorderedFrames"
2026/09/21 22:59:49 ERR [API] json: unknown field "maxReorderedFrames"
2026/09/21 22:59:49 ERR [API] json: unknown field "maxReorderedFrames"
2026/09/21 22:59:49 ERR [API] json: unknown field "maxReorderedFrames"
2026/09/21 22:59:49 ERR [API] json: unknown field "maxReorderedFrames"
2026/09/21 22:59:51 ERR [API] json: unknown field "maxReorderedFrames"
2026/09/21 22:59:51 ERR [API] json: unknown field "maxReorderedFrames"
2026/09/21 22:59:51 ERR [API] json: unknown field "maxReorderedFrames"
2026/09/21 22:59:51 ERR [API] json: unknown field "maxReorderedFrames"
2026/09/21 22:59:52 ERR [API] json: unknown field "maxReorderedFrames"
2026/09/21 22:59:52 ERR [API] json: unknown field "maxReorderedFrames"
2026/09/21 22:59:52 ERR [API] json: unknown field "maxReorderedFrames"
2026/09/21 22:59:52 ERR [API] json: unknown field "maxReorderedFrames"
2026/09/21 22:59:55 ERR [API] json: unknown field "maxReorderedFrames"
2026/09/21 22:59:55 ERR [API] json: unknown field "maxReorderedFrames"
2026/09/21 22:59:55 ERR [API] json: unknown field "maxReorderedFrames"
2026/09/21 22:59:55 ERR [API] json: unknown field "maxReorderedFrames"
2026/09/21 22:59:57 ERR [API] json: unknown field "maxReorderedFrames"
2026/09/21 22:59:57 ERR [API] json: unknown field "maxReorderedFrames"
2026/09/21 22:59:58 ERR [API] json: unknown field "maxReorderedFrames"
2026/09/21 22:59:58 ERR [API] json: unknown field "maxReorderedFrames"
2026/09/21 22:59:58 ERR [API] json: unknown field "maxReorderedFrames"
2026/09/21 22:59:58 ERR [API] json: unknown field "maxReorderedFrames"
2026/09/21 23:00:00 ERR [API] json: unknown field "maxReorderedFrames"
2026/09/21 23:00:00 ERR [API] json: unknown field "maxReorderedFrames"
2026/09/21 23:00:00 ERR [API] json: unknown field "maxReorderedFrames"
2026/09/21 23:00:00 ERR [API] json: unknown field "maxReorderedFrames"
2026/09/21 23:00:04 ERR [API] json: unknown field "maxReorderedFrames"
2026/09/21 23:00:04 ERR [API] json: unknown field "maxReorderedFrames"
2026/09/21 23:00:05 ERR [API] json: unknown field "maxReorderedFrames"
2026/09/21 23:00:05 ERR [API] json: unknown field "maxReorderedFrames"
2026/09/21 23:00:11 ERR [API] json: unknown field "maxReorderedFrames"
2026/09/21 23:00:11 ERR [API] json: unknown field "maxReorderedFrames"
2026/09/21 23:00:11 ERR [API] json: unknown field "maxReorderedFrames"
2026/09/21 23:00:11 ERR [API] json: unknown field "maxReorderedFrames"
2026/09/21 23:00:12 ERR [API] json: unknown field "maxReorderedFrames"
2026/09/21 23:00:12 ERR [API] json: unknown field "maxReorderedFrames"
2026/09/21 23:00:13 ERR [API] json: unknown field "maxReorderedFrames"
2026/09/21 23:00:13 ERR [API] json: unknown field "maxReorderedFrames"
2026/09/21 23:00:16 ERR [API] json: unknown field "maxReorderedFrames"
2026/09/21 23:00:16 ERR [API] json: unknown field "maxReorderedFrames"
2026/09/21 23:00:18 ERR [API] json: unknown field "maxReorderedFrames"
2026/09/21 23:00:18 ERR [API] json: unknown field "maxReorderedFrames"
2026/09/21 23:00:20 ERR [API] json: unknown field "maxReorderedFrames"
2026/09/21 23:00:20 ERR [API] json: unknown field "maxReorderedFrames"
2026/09/21 23:00:21 ERR [API] json: unknown field "maxReorderedFrames"
2026/09/21 23:00:21 ERR [API] json: unknown field "maxReorderedFrames"
2026/09/21 23:00:21 ERR [API] json: unknown field "maxReorderedFrames"
2026/09/21 23:00:21 ERR [API] json: unknown field "maxReorderedFrames"
2026/09/21 23:00:22 ERR [API] json: unknown field "maxReorderedFrames"
2026/09/21 23:00:22 ERR [API] json: unknown field "maxReorderedFrames"
2026/09/21 23:00:24 ERR [API] json: unknown field "maxReorderedFrames"
2026/09/21 23:00:24 ERR [API] json: unknown field "maxReorderedFrames"
2026/09/21 23:00:24 ERR [API] json: unknown field "maxReorderedFrames"
2026/09/21 23:00:24 ERR [API] json: unknown field "maxReorderedFrames"
2026/09/21 23:00:28 ERR [API] json: unknown field "maxReorderedFrames"
2026/09/21 23:00:28 ERR [API] json: unknown field "maxReorderedFrames"
2026/09/21 23:00:42 ERR [API] json: unknown field "maxReorderedFrames"
2026/09/21 23:00:42 ERR [API] json: unknown field "maxReorderedFrames"
2026/09/21 23:00:42 ERR [API] json: unknown field "maxReorderedFrames"
2026/09/21 23:00:42 ERR [API] json: unknown field "maxReorderedFrames"
2026/09/21 23:00:42 ERR [API] json: unknown field "maxReorderedFrames"
2026/09/21 23:00:42 ERR [API] json: unknown field "maxReorderedFrames"
2026/09/21 23:00:42 ERR [API] json: unknown field "maxReorderedFrames"
2026/09/21 23:00:42 ERR [API] json: unknown field "maxReorderedFrames"
2026/09/21 23:00:44 ERR [API] json: unknown field "maxReorderedFrames"
2026/09/21 23:00:44 ERR [API] json: unknown field "maxReorderedFrames"
2026/09/21 23:00:45 ERR [API] json: unknown field "maxReorderedFrames"
2026/09/21 23:00:45 ERR [API] json: unknown field "maxReorderedFrames"
2026/09/21 23:00:47 ERR [API] json: unknown field "maxReorderedFrames"
2026/09/21 23:00:47 ERR [API] json: unknown field "maxReorderedFrames"
2026/09/21 23:00:47 ERR [API] json: unknown field "maxReorderedFrames"
2026/09/21 23:00:47 ERR [API] json: unknown field "maxReorderedFrames"
2026/09/21 23:00:53 ERR [API] json: unknown field "maxReorderedFrames"
2026/09/21 23:00:53 ERR [API] json: unknown field "maxReorderedFrames"
2026/09/21 23:00:58 ERR [API] json: unknown field "maxReorderedFrames"
2026/09/21 23:00:58 ERR [API] json: unknown field "maxReorderedFrames"
2026/09/21 23:00:59 ERR [API] json: unknown field "maxReorderedFrames"
2026/09/21 23:00:59 ERR [API] json: unknown field "maxReorderedFrames"
2026/09/21 23:01:01 ERR [API] json: unknown field "maxReorderedFrames"
2026/09/21 23:01:01 ERR [API] json: unknown field "maxReorderedFrames"
2026/09/21 23:01:01 ERR [API] json: unknown field "maxReorderedFrames"
2026/09/21 23:01:01 ERR [API] json: unknown field "maxReorderedFrames"
2026/09/21 23:01:03 ERR [API] json: unknown field "maxReorderedFrames"
2026/09/21 23:01:03 ERR [API] json: unknown field "maxReorderedFrames"
2026/09/21 23:01:03 ERR [API] json: unknown field "maxReorderedFrames"
2026/09/21 23:01:03 ERR [API] json: unknown field "maxReorderedFrames"
2026/09/21 23:01:07 ERR [API] json: unknown field "maxReorderedFrames"
2026/09/21 23:01:07 ERR [API] json: unknown field "maxReorderedFrames"
2026/09/21 23:01:07 ERR [API] json: unknown field "maxReorderedFrames"
2026/09/21 23:01:07 ERR [API] json: unknown field "maxReorderedFrames"
2026/09/21 23:01:08 ERR [API] json: unknown field "maxReorderedFrames"
2026/09/21 23:01:08 ERR [API] json: unknown field "maxReorderedFrames"
2026/09/21 23:01:08 ERR [API] json: unknown field "maxReorderedFrames"
2026/09/21 23:01:08 ERR [API] json: unknown field "maxReorderedFrames"
2026/09/21 23:01:10 ERR [API] json: unknown field "maxReorderedFrames"
2026/09/21 23:01:10 ERR [API] json: unknown field "maxReorderedFrames"
2026/09/21 23:01:11 ERR [API] json: unknown field "maxReorderedFrames"
2026/09/21 23:01:11 ERR [API] json: unknown field "maxReorderedFrames"
2026/09/21 23:01:11 ERR [API] json: unknown field "maxReorderedFrames"
2026/09/21 23:01:11 ERR [API] json: unknown field "maxReorderedFrames"
2026/09/21 23:01:13 ERR [API] json: unknown field "maxReorderedFrames"
2026/09/21 23:01:13 ERR [API] json: unknown field "maxReorderedFrames"
2026/09/21 23:01:15 ERR [API] json: unknown field "maxReorderedFrames"
2026/09/21 23:01:15 ERR [API] json: unknown field "maxReorderedFrames"
2026/09/21 23:01:15 ERR [API] json: unknown field "maxReorderedFrames"
2026/09/21 23:01:15 ERR [API] json: unknown field "maxReorderedFrames"
2026/09/21 23:01:16 ERR [API] json: unknown field "maxReorderedFrames"
2026/09/21 23:01:16 ERR [API] json: unknown field "maxReorderedFrames"
2026/09/21 23:01:16 ERR [API] json: unknown field "maxReorderedFrames"
2026/09/21 23:01:16 ERR [API] json: unknown field "maxReorderedFrames"
2026/09/21 23:01:17 ERR [API] json: unknown field "maxReorderedFrames"
2026/09/21 23:01:17 ERR [API] json: unknown field "maxReorderedFrames"
2026/09/21 23:01:17 ERR [API] json: unknown field "maxReorderedFrames"
2026/09/21 23:01:17 ERR [API] json: unknown field "maxReorderedFrames"
2026/09/21 23:01:19 ERR [API] json: unknown field "maxReorderedFrames"
2026/09/21 23:01:19 ERR [API] json: unknown field "maxReorderedFrames"
2026/09/21 23:01:21 ERR [API] json: unknown field "maxReorderedFrames"
2026/09/21 23:01:21 ERR [API] json: unknown field "maxReorderedFrames"
2026/09/21 23:01:22 ERR [API] json: unknown field "maxReorderedFrames"
2026/09/21 23:01:22 ERR [API] json: unknown field "maxReorderedFrames"
2026/09/21 23:01:23 ERR [API] json: unknown field "maxReorderedFrames"
2026/09/21 23:01:23 ERR [API] json: unknown field "maxReorderedFrames"
2026/09/21 23:01:24 ERR [API] json: unknown field "maxReorderedFrames"
2026/09/21 23:01:24 ERR [API] json: unknown field "maxReorderedFrames"
2026/09/21 23:01:24 ERR [API] json: unknown field "maxReorderedFrames"
2026/09/21 23:01:24 ERR [API] json: unknown field "maxReorderedFrames"
2026/09/21 23:01:26 ERR [API] json: unknown field "maxReorderedFrames"
2026/09/21 23:01:26 ERR [API] json: unknown field "maxReorderedFrames"
2026/09/21 23:01:26 ERR [API] json: unknown field "maxReorderedFrames"
2026/09/21 23:01:26 ERR [API] json: unknown field "maxReorderedFrames"
2026/09/21 23:01:27 ERR [API] json: unknown field "maxReorderedFrames"
2026/09/21 23:01:27 ERR [API] json: unknown field "maxReorderedFrames"
2026/09/21 23:01:28 ERR [API] json: unknown field "maxReorderedFrames"
2026/09/21 23:01:30 ERR [API] json: unknown field "maxReorderedFrames"
2026/09/21 23:01:32 ERR [API] json: unknown field "maxReorderedFrames"
2026/09/21 23:01:32 ERR [API] json: unknown field "maxReorderedFrames"
2026/09/21 23:01:32 ERR [API] json: unknown field "maxReorderedFrames"
2026/09/21 23:01:32 ERR [API] json: unknown field "maxReorderedFrames"
2026/09/21 23:01:33 ERR [API] json: unknown field "maxReorderedFrames"
2026/09/21 23:01:33 ERR [API] json: unknown field "maxReorderedFrames"
2026/09/21 23:01:33 ERR [API] json: unknown field "maxReorderedFrames"
2026/09/21 23:01:33 ERR [API] json: unknown field "maxReorderedFrames"
2026/09/21 23:01:35 ERR [API] json: unknown field "maxReorderedFrames"
2026/09/21 23:01:35 ERR [API] json: unknown field "maxReorderedFrames"
2026/09/21 23:01:35 ERR [API] json: unknown field "maxReorderedFrames"
2026/09/21 23:01:35 ERR [API] json: unknown field "maxReorderedFrames"
2026/09/21 23:01:36 ERR [API] json: unknown field "maxReorderedFrames"
2026/09/21 23:01:36 ERR [API] json: unknown field "maxReorderedFrames"
2026/09/21 23:01:36 ERR [API] json: unknown field "maxReorderedFrames"
2026/09/21 23:01:36 ERR [API] json: unknown field "maxReorderedFrames"
2026/09/21 23:01:36 ERR [API] json: unknown field "maxReorderedFrames"
2026/09/21 23:01:36 ERR [API] json: unknown field "maxReorderedFrames"
2026/09/21 23:01:37 ERR [API] json: unknown field "maxReorderedFrames"
2026/09/21 23:01:37 ERR [API] json: unknown field "maxReorderedFrames"
2026/09/21 23:01:37 ERR [API] json: unknown field "maxReorderedFrames"
2026/09/21 23:01:37 ERR [API] json: unknown field "maxReorderedFrames"
2026/09/21 23:01:38 ERR [API] json: unknown field "maxReorderedFrames"
2026/09/21 23:01:38 ERR [API] json: unknown field "maxReorderedFrames"
2026/09/21 23:01:38 ERR [API] json: unknown field "maxReorderedFrames"
2026/09/21 23:01:38 ERR [API] json: unknown field "maxReorderedFrames"
2026/09/21 23:01:39 ERR [API] json: unknown field "maxReorderedFrames"
2026/09/21 23:01:39 ERR [API] json: unknown field "maxReorderedFrames"
2026/09/21 23:01:39 ERR [API] json: unknown field "maxReorderedFrames"
2026/09/21 23:01:39 ERR [API] json: unknown field "maxReorderedFrames"
2026/09/21 23:01:40 ERR [API] json: unknown field "maxReorderedFrames"
2026/09/21 23:01:40 ERR [API] json: unknown field "maxReorderedFrames"
2026/09/21 23:01:41 ERR [API] json: unknown field "maxReorderedFrames"
2026/09/21 23:01:41 ERR [API] json: unknown field "maxReorderedFrames"
2026/09/21 23:01:41 ERR [API] json: unknown field "maxReorderedFrames"
2026/09/21 23:01:41 ERR [API] json: unknown field "maxReorderedFrames"
2026/09/21 23:01:46 ERR [API] json: unknown field "maxReorderedFrames"
2026/09/21 23:01:46 ERR [API] json: unknown field "maxReorderedFrames"
2026/09/21 23:01:49 ERR [API] json: unknown field "maxReorderedFrames"
2026/09/21 23:01:49 ERR [API] json: unknown field "maxReorderedFrames"
2026/09/21 23:01:51 ERR [API] json: unknown field "maxReorderedFrames"
2026/09/21 23:01:51 ERR [API] json: unknown field "maxReorderedFrames"
2026/09/21 23:01:51 ERR [API] json: unknown field "maxReorderedFrames"
2026/09/21 23:01:51 ERR [API] json: unknown field "maxReorderedFrames"
2026/09/21 23:01:53 ERR [API] json: unknown field "maxReorderedFrames"
2026/09/21 23:01:54 ERR [API] json: unknown field "maxReorderedFrames"
2026/09/21 23:01:54 ERR [API] json: unknown field "maxReorderedFrames"
2026/09/21 23:01:54 ERR [API] json: unknown field "maxReorderedFrames"
2026/09/21 23:01:55 ERR [API] json: unknown field "maxReorderedFrames"
2026/09/21 23:01:55 ERR [API] json: unknown field "maxReorderedFrames"
2026/09/21 23:01:56 ERR [API] json: unknown field "maxReorderedFrames"
2026/09/21 23:01:56 ERR [API] json: unknown field "maxReorderedFrames"
2026/09/21 23:01:57 ERR [API] json: unknown field "maxReorderedFrames"
2026/09/21 23:01:57 ERR [API] json: unknown field "maxReorderedFrames"
2026/09/21 23:01:58 ERR [API] json: unknown field "maxReorderedFrames"
2026/09/21 23:01:58 ERR [API] json: unknown field "maxReorderedFrames"
2026/09/21 23:01:59 ERR [API] json: unknown field "maxReorderedFrames"
2026/09/21 23:01:59 ERR [API] json: unknown field "maxReorderedFrames"
2026/09/21 23:02:00 ERR [API] json: unknown field "maxReorderedFrames"
2026/09/21 23:02:00 ERR [API] json: unknown field "maxReorderedFrames"
2026/09/21 23:02:02 ERR [API] json: unknown field "maxReorderedFrames"
2026/09/21 23:02:02 ERR [API] json: unknown field "maxReorderedFrames"
2026/09/21 23:02:02 ERR [API] json: unknown field "maxReorderedFrames"
2026/09/21 23:02:02 ERR [API] json: unknown field "maxReorderedFrames"
2026/09/21 23:02:02 ERR [API] json: unknown field "maxReorderedFrames"
2026/09/21 23:02:02 ERR [API] json: unknown field "maxReorderedFrames"
2026/09/21 23:02:02 ERR [API] json: unknown field "maxReorderedFrames"
2026/09/21 23:02:02 ERR [API] json: unknown field "maxReorderedFrames"
2026/09/21 23:02:08 ERR [API] json: unknown field "maxReorderedFrames"
2026/09/21 23:02:08 ERR [API] json: unknown field "maxReorderedFrames"
2026/09/21 23:02:08 ERR [API] json: unknown field "maxReorderedFrames"
2026/09/21 23:02:08 ERR [API] json: unknown field "maxReorderedFrames"
2026/09/21 23:02:09 ERR [API] json: unknown field "maxReorderedFrames"
2026/09/21 23:02:09 ERR [API] json: unknown field "maxReorderedFrames"
2026/09/21 23:02:09 ERR [API] json: unknown field "maxReorderedFrames"
2026/09/21 23:02:09 ERR [API] json: unknown field "maxReorderedFrames"
2026/09/21 23:02:10 ERR [API] json: unknown field "maxReorderedFrames"
2026/09/21 23:02:10 ERR [API] json: unknown field "maxReorderedFrames"
2026/09/21 23:02:10 ERR [API] json: unknown field "maxReorderedFrames"
2026/09/21 23:02:10 ERR [API] json: unknown field "maxReorderedFrames"
2026/09/21 23:02:12 ERR [API] json: unknown field "maxReorderedFrames"
2026/09/21 23:02:12 ERR [API] json: unknown field "maxReorderedFrames"
2026/09/21 23:02:12 ERR [API] json: unknown field "maxReorderedFrames"
2026/09/21 23:02:12 ERR [API] json: unknown field "maxReorderedFrames"
2026/09/21 23:02:13 ERR [API] json: unknown field "maxReorderedFrames"
2026/09/21 23:02:13 ERR [API] json: unknown field "maxReorderedFrames"
2026/09/21 23:02:13 ERR [API] json: unknown field "maxReorderedFrames"
2026/09/21 23:02:13 ERR [API] json: unknown field "maxReorderedFrames"
2026/09/21 23:02:16 ERR [API] json: unknown field "maxReorderedFrames"
2026/09/21 23:02:16 ERR [API] json: unknown field "maxReorderedFrames"
2026/09/21 23:02:17 ERR [API] json: unknown field "maxReorderedFrames"
2026/09/21 23:02:17 ERR [API] json: unknown field "maxReorderedFrames"
2026/09/21 23:02:18 ERR [API] json: unknown field "maxReorderedFrames"
2026/09/21 23:02:18 ERR [API] json: unknown field "maxReorderedFrames"
2026/09/21 23:02:18 ERR [API] json: unknown field "maxReorderedFrames"
2026/09/21 23:02:18 ERR [API] json: unknown field "maxReorderedFrames"
2026/09/21 23:02:19 ERR [API] json: unknown field "maxReorderedFrames"
2026/09/21 23:02:19 ERR [API] json: unknown field "maxReorderedFrames"
2026/09/21 23:02:20 ERR [API] json: unknown field "maxReorderedFrames"
2026/09/21 23:02:20 ERR [API] json: unknown field "maxReorderedFrames"
2026/09/21 23:02:20 ERR [API] json: unknown field "maxReorderedFrames"
2026/09/21 23:02:20 ERR [API] json: unknown field "maxReorderedFrames"
2026/09/21 23:02:22 ERR [API] json: unknown field "maxReorderedFrames"
2026/09/21 23:02:22 ERR [API] json: unknown field "maxReorderedFrames"
2026/09/21 23:02:28 ERR [API] json: unknown field "maxReorderedFrames"
2026/09/21 23:02:28 ERR [API] json: unknown field "maxReorderedFrames"
2026/09/21 23:02:30 ERR [API] json: unknown field "maxReorderedFrames"
2026/09/21 23:02:30 ERR [API] json: unknown field "maxReorderedFrames"
2026/09/21 23:02:32 ERR [API] json: unknown field "maxReorderedFrames"
2026/09/21 23:02:32 ERR [API] json: unknown field "maxReorderedFrames"
2026/09/21 23:02:32 ERR [API] json: unknown field "maxReorderedFrames"
2026/09/21 23:02:32 ERR [API] json: unknown field "maxReorderedFrames"
2026/09/21 23:02:33 ERR [API] json: unknown field "maxReorderedFrames"
2026/09/21 23:02:33 ERR [API] json: unknown field "maxReorderedFrames"
2026/09/21 23:02:33 ERR [API] json: unknown field "maxReorderedFrames"
2026/09/21 23:02:33 ERR [API] json: unknown field "maxReorderedFrames"
2026/09/21 23:02:35 ERR [API] json: unknown field "maxReorderedFrames"
2026/09/21 23:02:35 ERR [API] json: unknown field "maxReorderedFrames"
2026/09/21 23:02:35 ERR [API] json: unknown field "maxReorderedFrames"
2026/09/21 23:02:35 ERR [API] json: unknown field "maxReorderedFrames"
2026/09/21 23:02:38 ERR [API] json: unknown field "maxReorderedFrames"
2026/09/21 23:02:38 ERR [API] json: unknown field "maxReorderedFrames"
2026/09/21 23:02:38 ERR [API] json: unknown field "maxReorderedFrames"
2026/09/21 23:02:38 ERR [API] json: unknown field "maxReorderedFrames"
2026/09/21 23:02:40 ERR [API] json: unknown field "maxReorderedFrames"
2026/09/21 23:02:40 ERR [API] json: unknown field "maxReorderedFrames"
2026/09/21 23:02:40 ERR [API] json: unknown field "maxReorderedFrames"
2026/09/21 23:02:40 ERR [API] json: unknown field "maxReorderedFrames"
2026/09/21 23:02:42 ERR [API] json: unknown field "maxReorderedFrames"
2026/09/21 23:02:42 ERR [API] json: unknown field "maxReorderedFrames"
2026/09/21 23:02:42 ERR [API] json: unknown field "maxReorderedFrames"
2026/09/21 23:02:42 ERR [API] json: unknown field "maxReorderedFrames"
2026/09/21 23:02:47 ERR [API] json: unknown field "maxReorderedFrames"
2026/09/21 23:02:47 ERR [API] json: unknown field "maxReorderedFrames"
2026/09/21 23:02:48 ERR [API] json: unknown field "maxReorderedFrames"
2026/09/21 23:02:48 ERR [API] json: unknown field "maxReorderedFrames"
2026/09/21 23:02:49 ERR [API] json: unknown field "maxReorderedFrames"
2026/09/21 23:02:49 ERR [API] json: unknown field "maxReorderedFrames"
2026/09/21 23:02:50 ERR [API] json: unknown field "maxReorderedFrames"
2026/09/21 23:02:50 ERR [API] json: unknown field "maxReorderedFrames"
2026/09/21 23:02:50 ERR [API] json: unknown field "maxReorderedFrames"
2026/09/21 23:02:50 ERR [API] json: unknown field "maxReorderedFrames"
2026/09/21 23:02:51 ERR [API] json: unknown field "maxReorderedFrames"
2026/09/21 23:02:51 ERR [API] json: unknown field "maxReorderedFrames"
2026/09/21 23:02:51 ERR [API] json: unknown field "maxReorderedFrames"
2026/09/21 23:02:51 ERR [API] json: unknown field "maxReorderedFrames"
2026/09/21 23:02:51 ERR [API] json: unknown field "maxReorderedFrames"
2026/09/21 23:02:51 ERR [API] json: unknown field "maxReorderedFrames"
2026/09/21 23:02:54 ERR [API] json: unknown field "maxReorderedFrames"
2026/09/21 23:02:54 ERR [API] json: unknown field "maxReorderedFrames"
2026/09/21 23:02:54 ERR [API] json: unknown field "maxReorderedFrames"
2026/09/21 23:02:54 ERR [API] json: unknown field "maxReorderedFrames"
2026/09/21 23:02:55 ERR [API] json: unknown field "maxReorderedFrames"
2026/09/21 23:02:55 ERR [API] json: unknown field "maxReorderedFrames"
2026/09/21 23:02:56 ERR [API] json: unknown field "maxReorderedFrames"
2026/09/21 23:02:56 ERR [API] json: unknown field "maxReorderedFrames"
2026/09/21 23:02:56 ERR [API] json: unknown field "maxReorderedFrames"
2026/09/21 23:02:56 ERR [API] json: unknown field "maxReorderedFrames"
2026/09/21 23:02:57 ERR [API] json: unknown field "maxReorderedFrames"
2026/09/21 23:02:57 ERR [API] json: unknown field "maxReorderedFrames"
2026/09/21 23:02:58 ERR [API] json: unknown field "maxReorderedFrames"
2026/09/21 23:02:58 ERR [API] json: unknown field "maxReorderedFrames"
2026/09/21 23:02:59 ERR [API] json: unknown field "maxReorderedFrames"
2026/09/21 23:02:59 ERR [API] json: unknown field "maxReorderedFrames"
2026/09/21 23:03:00 ERR [API] json: unknown field "maxReorderedFrames"
2026/09/21 23:03:00 ERR [API] json: unknown field "maxReorderedFrames"
2026/09/21 23:03:00 ERR [API] json: unknown field "maxReorderedFrames"
2026/09/21 23:03:00 ERR [API] json: unknown field "maxReorderedFrames"
2026/09/21 23:03:02 ERR [API] json: unknown field "maxReorderedFrames"
2026/09/21 23:03:02 ERR [API] json: unknown field "maxReorderedFrames"
2026/09/21 23:03:03 ERR [API] json: unknown field "maxReorderedFrames"
2026/09/21 23:03:03 ERR [API] json: unknown field "maxReorderedFrames"
2026/09/21 23:03:09 ERR [API] json: unknown field "maxReorderedFrames"
2026/09/21 23:03:09 ERR [API] json: unknown field "maxReorderedFrames"
2026/09/21 23:03:10 ERR [API] json: unknown field "maxReorderedFrames"
2026/09/21 23:03:10 ERR [API] json: unknown field "maxReorderedFrames"
2026/09/21 23:03:10 ERR [API] json: unknown field "maxReorderedFrames"
2026/09/21 23:03:10 ERR [API] json: unknown field "maxReorderedFrames"
2026/09/21 23:03:11 ERR [API] json: unknown field "maxReorderedFrames"
2026/09/21 23:03:11 ERR [API] json: unknown field "maxReorderedFrames"
2026/09/21 23:03:11 ERR [API] json: unknown field "maxReorderedFrames"
2026/09/21 23:03:11 ERR [API] json: unknown field "maxReorderedFrames"
2026/09/21 23:03:12 ERR [API] json: unknown field "maxReorderedFrames"
2026/09/21 23:03:12 ERR [API] json: unknown field "maxReorderedFrames"
2026/09/21 23:03:12 ERR [API] json: unknown field "maxReorderedFrames"
2026/09/21 23:03:12 ERR [API] json: unknown field "maxReorderedFrames"
2026/09/21 23:03:13 ERR [API] json: unknown field "maxReorderedFrames"
2026/09/21 23:03:13 ERR [API] json: unknown field "maxReorderedFrames"
2026/09/21 23:03:14 ERR [API] json: unknown field "maxReorderedFrames"
2026/09/21 23:03:14 ERR [API] json: unknown field "maxReorderedFrames"
2026/09/21 23:03:15 ERR [API] json: unknown field "maxReorderedFrames"
2026/09/21 23:03:15 ERR [API] json: unknown field "maxReorderedFrames"
2026/09/21 23:03:15 ERR [API] json: unknown field "maxReorderedFrames"
2026/09/21 23:03:15 ERR [API] json: unknown field "maxReorderedFrames"
2026/09/21 23:03:16 ERR [API] json: unknown field "maxReorderedFrames"
2026/09/21 23:03:16 ERR [API] json: unknown field "maxReorderedFrames"
2026/09/21 23:03:16 ERR [API] json: unknown field "maxReorderedFrames"
2026/09/21 23:03:16 ERR [API] json: unknown field "maxReorderedFrames"
2026/09/21 23:03:19 ERR [API] json: unknown field "maxReorderedFrames"
2026/09/21 23:03:19 ERR [API] json: unknown field "maxReorderedFrames"
2026/09/21 23:03:20 ERR [API] json: unknown field "maxReorderedFrames"
2026/09/21 23:03:20 ERR [API] json: unknown field "maxReorderedFrames"
2026/09/21 23:03:21 ERR [API] json: unknown field "maxReorderedFrames"
2026/09/21 23:03:21 ERR [API] json: unknown field "maxReorderedFrames"
2026/09/21 23:03:21 ERR [API] json: unknown field "maxReorderedFrames"
2026/09/21 23:03:21 ERR [API] json: unknown field "maxReorderedFrames"
2026/09/21 23:03:22 ERR [API] json: unknown field "maxReorderedFrames"
2026/09/21 23:03:22 ERR [API] json: unknown field "maxReorderedFrames"
2026/09/21 23:03:22 ERR [API] json: unknown field "maxReorderedFrames"
2026/09/21 23:03:22 ERR [API] json: unknown field "maxReorderedFrames"
2026/09/21 23:03:23 ERR [API] json: unknown field "maxReorderedFrames"
2026/09/21 23:03:23 ERR [API] json: unknown field "maxReorderedFrames"
2026/09/21 23:03:24 ERR [API] json: unknown field "maxReorderedFrames"
2026/09/21 23:03:24 ERR [API] json: unknown field "maxReorderedFrames"
2026/09/21 23:03:24 ERR [API] json: unknown field "maxReorderedFrames"
2026/09/21 23:03:24 ERR [API] json: unknown field "maxReorderedFrames"
2026/09/21 23:03:25 ERR [API] json: unknown field "maxReorderedFrames"
2026/09/21 23:03:25 ERR [API] json: unknown field "maxReorderedFrames"
2026/09/21 23:03:26 ERR [API] json: unknown field "maxReorderedFrames"
2026/09/21 23:03:26 ERR [API] json: unknown field "maxReorderedFrames"
2026/09/21 23:03:40 ERR [API] json: unknown field "maxReorderedFrames"
2026/09/21 23:03:40 ERR [API] json: unknown field "maxReorderedFrames"
2026/09/21 23:03:40 ERR [API] json: unknown field "maxReorderedFrames"
2026/09/21 23:03:40 ERR [API] json: unknown field "maxReorderedFrames"
2026/09/21 23:03:42 ERR [API] json: unknown field "maxReorderedFrames"
2026/09/21 23:03:42 ERR [API] json: unknown field "maxReorderedFrames"
2026/09/21 23:03:42 ERR [API] json: unknown field "maxReorderedFrames"
2026/09/21 23:03:42 ERR [API] json: unknown field "maxReorderedFrames"
2026/09/21 23:03:43 ERR [API] json: unknown field "maxReorderedFrames"
2026/09/21 23:03:43 ERR [API] json: unknown field "maxReorderedFrames"
2026/09/21 23:03:43 ERR [API] json: unknown field "maxReorderedFrames"
2026/09/21 23:03:43 ERR [API] json: unknown field "maxReorderedFrames"
2026/09/21 23:03:49 ERR [API] json: unknown field "maxReorderedFrames"
2026/09/21 23:03:49 ERR [API] json: unknown field "maxReorderedFrames"
2026/09/21 23:03:49 ERR [API] json: unknown field "maxReorderedFrames"
2026/09/21 23:03:49 ERR [API] json: unknown field "maxReorderedFrames"
2026/09/21 23:03:50 ERR [API] json: unknown field "maxReorderedFrames"
2026/09/21 23:03:50 ERR [API] json: unknown field "maxReorderedFrames"
2026/09/21 23:03:50 ERR [API] json: unknown field "maxReorderedFrames"
2026/09/21 23:03:50 ERR [API] json: unknown field "maxReorderedFrames"
2026/09/21 23:03:52 ERR [API] json: unknown field "maxReorderedFrames"
2026/09/21 23:03:52 ERR [API] json: unknown field "maxReorderedFrames"
2026/09/21 23:03:52 ERR [API] json: unknown field "maxReorderedFrames"
2026/09/21 23:03:52 ERR [API] json: unknown field "maxReorderedFrames"
2026/09/21 23:03:54 ERR [API] json: unknown field "maxReorderedFrames"
2026/09/21 23:03:54 ERR [API] json: unknown field "maxReorderedFrames"
2026/09/21 23:03:54 ERR [API] json: unknown field "maxReorderedFrames"
2026/09/21 23:03:54 ERR [API] json: unknown field "maxReorderedFrames"
2026/09/21 23:03:55 ERR [API] json: unknown field "maxReorderedFrames"
2026/09/21 23:03:55 ERR [API] json: unknown field "maxReorderedFrames"
2026/09/21 23:03:55 ERR [API] json: unknown field "maxReorderedFrames"
2026/09/21 23:03:55 ERR [API] json: unknown field "maxReorderedFrames"
2026/09/21 23:03:56 ERR [API] json: unknown field "maxReorderedFrames"
2026/09/21 23:03:56 ERR [API] json: unknown field "maxReorderedFrames"
2026/09/21 23:03:56 ERR [API] json: unknown field "maxReorderedFrames"
2026/09/21 23:03:56 ERR [API] json: unknown field "maxReorderedFrames"
2026/09/21 23:03:57 ERR [API] json: unknown field "maxReorderedFrames"
2026/09/21 23:03:57 ERR [API] json: unknown field "maxReorderedFrames"
2026/09/21 23:04:00 ERR [API] json: unknown field "maxReorderedFrames"
2026/09/21 23:04:00 ERR [API] json: unknown field "maxReorderedFrames"
2026/09/21 23:04:02 ERR [API] json: unknown field "maxReorderedFrames"
2026/09/21 23:04:02 ERR [API] json: unknown field "maxReorderedFrames"
2026/09/21 23:04:02 ERR [API] json: unknown field "maxReorderedFrames"
2026/09/21 23:04:02 ERR [API] json: unknown field "maxReorderedFrames"
2026/09/21 23:04:03 ERR [API] json: unknown field "maxReorderedFrames"
2026/09/21 23:04:03 ERR [API] json: unknown field "maxReorderedFrames"
2026/09/21 23:04:04 ERR [API] json: unknown field "maxReorderedFrames"
2026/09/21 23:04:04 ERR [API] json: unknown field "maxReorderedFrames"
2026/09/21 23:04:12 ERR [API] json: unknown field "maxReorderedFrames"
2026/09/21 23:04:12 ERR [API] json: unknown field "maxReorderedFrames"
2026/09/21 23:04:12 ERR [API] json: unknown field "maxReorderedFrames"
2026/09/21 23:04:12 ERR [API] json: unknown field "maxReorderedFrames"
2026/09/21 23:04:14 ERR [API] json: unknown field "maxReorderedFrames"
2026/09/21 23:04:14 ERR [API] json: unknown field "maxReorderedFrames"
2026/09/21 23:04:14 ERR [API] json: unknown field "maxReorderedFrames"
2026/09/21 23:04:14 ERR [API] json: unknown field "maxReorderedFrames"
2026/09/21 23:04:15 ERR [API] json: unknown field "maxReorderedFrames"
2026/09/21 23:04:15 ERR [API] json: unknown field "maxReorderedFrames"
2026/09/21 23:04:15 ERR [API] json: unknown field "maxReorderedFrames"
2026/09/21 23:04:15 ERR [API] json: unknown field "maxReorderedFrames"
2026/09/21 23:04:16 ERR [API] json: unknown field "maxReorderedFrames"
2026/09/21 23:04:16 ERR [API] json: unknown field "maxReorderedFrames"
2026/09/21 23:04:16 ERR [API] json: unknown field "maxReorderedFrames"
2026/09/21 23:04:16 ERR [API] json: unknown field "maxReorderedFrames"
2026/09/21 23:04:17 ERR [API] json: unknown field "maxReorderedFrames"
2026/09/21 23:04:17 ERR [API] json: unknown field "maxReorderedFrames"
2026/09/21 23:04:17 ERR [API] json: unknown field "maxReorderedFrames"
2026/09/21 23:04:17 ERR [API] json: unknown field "maxReorderedFrames"
2026/09/21 23:04:18 ERR [API] json: unknown field "maxReorderedFrames"
2026/09/21 23:04:18 ERR [API] json: unknown field "maxReorderedFrames"
2026/09/21 23:04:19 ERR [API] json: unknown field "maxReorderedFrames"
2026/09/21 23:04:19 ERR [API] json: unknown field "maxReorderedFrames"
2026/09/21 23:04:20 ERR [API] json: unknown field "maxReorderedFrames"
2026/09/21 23:04:20 ERR [API] json: unknown field "maxReorderedFrames"
2026/09/21 23:04:20 ERR [API] json: unknown field "maxReorderedFrames"
2026/09/21 23:04:20 ERR [API] json: unknown field "maxReorderedFrames"
2026/09/21 23:04:22 ERR [API] json: unknown field "maxReorderedFrames"
2026/09/21 23:04:22 ERR [API] json: unknown field "maxReorderedFrames"
2026/09/21 23:04:22 ERR [API] json: unknown field "maxReorderedFrames"
2026/09/21 23:04:22 ERR [API] json: unknown field "maxReorderedFrames"
2026/09/21 23:04:24 ERR [API] json: unknown field "maxReorderedFrames"
2026/09/21 23:04:24 ERR [API] json: unknown field "maxReorderedFrames"
2026/09/21 23:04:25 ERR [API] json: unknown field "maxReorderedFrames"
2026/09/21 23:04:25 ERR [API] json: unknown field "maxReorderedFrames"
2026/09/21 23:04:26 ERR [API] json: unknown field "maxReorderedFrames"
2026/09/21 23:04:26 ERR [API] json: unknown field "maxReorderedFrames"
2026/09/21 23:04:26 ERR [API] json: unknown field "maxReorderedFrames"
2026/09/21 23:04:26 ERR [API] json: unknown field "maxReorderedFrames"
2026/09/21 23:04:28 ERR [API] json: unknown field "maxReorderedFrames"
2026/09/21 23:04:28 ERR [API] json: unknown field "maxReorderedFrames"
2026/09/21 23:04:28 ERR [API] json: unknown field "maxReorderedFrames"
2026/09/21 23:04:28 ERR [API] json: unknown field "maxReorderedFrames"
2026/09/21 23:04:29 ERR [API] json: unknown field "maxReorderedFrames"
2026/09/21 23:04:29 ERR [API] json: unknown field "maxReorderedFrames"
2026/09/21 23:04:29 ERR [API] json: unknown field "maxReorderedFrames"
2026/09/21 23:04:29 ERR [API] json: unknown field "maxReorderedFrames"
2026/09/21 23:04:30 ERR [API] json: unknown field "maxReorderedFrames"
2026/09/21 23:04:30 ERR [API] json: unknown field "maxReorderedFrames"
2026/09/21 23:04:31 ERR [API] json: unknown field "maxReorderedFrames"
2026/09/21 23:04:31 ERR [API] json: unknown field "maxReorderedFrames"
2026/09/21 23:04:32 ERR [API] json: unknown field "maxReorderedFrames"
2026/09/21 23:04:34 ERR [API] json: unknown field "maxReorderedFrames"
2026/09/21 23:04:35 ERR [API] json: unknown field "maxReorderedFrames"
2026/09/21 23:04:35 ERR [API] json: unknown field "maxReorderedFrames"
2026/09/21 23:04:35 ERR [API] json: unknown field "maxReorderedFrames"
2026/09/21 23:04:35 ERR [API] json: unknown field "maxReorderedFrames"
2026/09/21 23:04:37 ERR [API] json: unknown field "maxReorderedFrames"
2026/09/21 23:04:37 ERR [API] json: unknown field "maxReorderedFrames"
2026/09/21 23:04:38 ERR [API] json: unknown field "maxReorderedFrames"
2026/09/21 23:04:38 ERR [API] json: unknown field "maxReorderedFrames"
2026/09/21 23:04:39 ERR [API] json: unknown field "maxReorderedFrames"
2026/09/21 23:04:39 ERR [API] json: unknown field "maxReorderedFrames"
2026/09/21 23:04:41 ERR [API] json: unknown field "maxReorderedFrames"
2026/09/21 23:04:41 ERR [API] json: unknown field "maxReorderedFrames"
2026/09/21 23:04:46 ERR [API] json: unknown field "maxReorderedFrames"
2026/09/21 23:04:46 ERR [API] json: unknown field "maxReorderedFrames"
2026/09/21 23:04:47 ERR [API] json: unknown field "maxReorderedFrames"
2026/09/21 23:04:47 ERR [API] json: unknown field "maxReorderedFrames"
2026/09/21 23:04:48 ERR [API] json: unknown field "maxReorderedFrames"
2026/09/21 23:04:48 ERR [API] json: unknown field "maxReorderedFrames"
2026/09/21 23:04:49 ERR [API] json: unknown field "maxReorderedFrames"
2026/09/21 23:04:49 ERR [API] json: unknown field "maxReorderedFrames"
2026/09/21 23:04:49 ERR [API] json: unknown field "maxReorderedFrames"
2026/09/21 23:04:49 ERR [API] json: unknown field "maxReorderedFrames"
2026/09/21 23:04:50 ERR [API] json: unknown field "maxReorderedFrames"
2026/09/21 23:04:50 ERR [API] json: unknown field "maxReorderedFrames"
2026/09/21 23:04:51 ERR [API] json: unknown field "maxReorderedFrames"
2026/09/21 23:04:51 ERR [API] json: unknown field "maxReorderedFrames"
2026/09/21 23:04:51 ERR [API] json: unknown field "maxReorderedFrames"
2026/09/21 23:04:51 ERR [API] json: unknown field "maxReorderedFrames"
2026/09/21 23:04:52 ERR [API] json: unknown field "maxReorderedFrames"
2026/09/21 23:04:52 ERR [API] json: unknown field "maxReorderedFrames"
2026/09/21 23:04:53 ERR [API] json: unknown field "maxReorderedFrames"
2026/09/21 23:04:53 ERR [API] json: unknown field "maxReorderedFrames"
2026/09/21 23:04:55 ERR [API] json: unknown field "maxReorderedFrames"
2026/09/21 23:04:55 ERR [API] json: unknown field "maxReorderedFrames"
2026/09/21 23:04:55 ERR [API] json: unknown field "maxReorderedFrames"
2026/09/21 23:04:55 ERR [API] json: unknown field "maxReorderedFrames"
2026/09/21 23:04:56 ERR [API] json: unknown field "maxReorderedFrames"
2026/09/21 23:04:56 ERR [API] json: unknown field "maxReorderedFrames"
2026/09/21 23:04:57 ERR [API] json: unknown field "maxReorderedFrames"
2026/09/21 23:04:57 ERR [API] json: unknown field "maxReorderedFrames"
2026/09/21 23:04:59 ERR [API] json: unknown field "maxReorderedFrames"
2026/09/21 23:04:59 ERR [API] json: unknown field "maxReorderedFrames"
2026/09/21 23:05:00 ERR [API] json: unknown field "maxReorderedFrames"
2026/09/21 23:05:00 ERR [API] json: unknown field "maxReorderedFrames"
2026/09/21 23:05:00 ERR [API] json: unknown field "maxReorderedFrames"
2026/09/21 23:05:00 ERR [API] json: unknown field "maxReorderedFrames"
2026/09/21 23:05:01 ERR [API] json: unknown field "maxReorderedFrames"
2026/09/21 23:05:01 ERR [API] json: unknown field "maxReorderedFrames"
2026/09/21 23:05:02 ERR [API] json: unknown field "maxReorderedFrames"
2026/09/21 23:05:02 ERR [API] json: unknown field "maxReorderedFrames"
2026/09/21 23:05:02 ERR [API] json: unknown field "maxReorderedFrames"
2026/09/21 23:05:02 ERR [API] json: unknown field "maxReorderedFrames"
2026/09/21 23:05:03 ERR [API] json: unknown field "maxReorderedFrames"
2026/09/21 23:05:03 ERR [API] json: unknown field "maxReorderedFrames"
2026/09/21 23:05:04 ERR [API] json: unknown field "maxReorderedFrames"
2026/09/21 23:05:04 ERR [API] json: unknown field "maxReorderedFrames"
2026/09/21 23:05:06 ERR [API] json: unknown field "maxReorderedFrames"
2026/09/21 23:05:06 ERR [API] json: unknown field "maxReorderedFrames"
2026/09/21 23:05:06 ERR [API] json: unknown field "maxReorderedFrames"
2026/09/21 23:05:06 ERR [API] json: unknown field "maxReorderedFrames"
2026/09/21 23:05:07 ERR [API] json: unknown field "maxReorderedFrames"
2026/09/21 23:05:07 ERR [API] json: unknown field "maxReorderedFrames"
2026/09/21 23:05:08 ERR [API] json: unknown field "maxReorderedFrames"
2026/09/21 23:05:08 ERR [API] json: unknown field "maxReorderedFrames"
2026/09/21 23:05:08 ERR [API] json: unknown field "maxReorderedFrames"
2026/09/21 23:05:08 ERR [API] json: unknown field "maxReorderedFrames"
2026/09/21 23:05:10 ERR [API] json: unknown field "maxReorderedFrames"
2026/09/21 23:05:10 ERR [API] json: unknown field "maxReorderedFrames"
2026/09/21 23:05:11 ERR [API] json: unknown field "maxReorderedFrames"
2026/09/21 23:05:11 ERR [API] json: unknown field "maxReorderedFrames"
2026/09/21 23:05:12 ERR [API] json: unknown field "maxReorderedFrames"
2026/09/21 23:05:12 ERR [API] json: unknown field "maxReorderedFrames"
2026/09/21 23:05:13 ERR [API] json: unknown field "maxReorderedFrames"
2026/09/21 23:05:13 ERR [API] json: unknown field "maxReorderedFrames"
2026/09/21 23:05:13 ERR [API] json: unknown field "maxReorderedFrames"
2026/09/21 23:05:13 ERR [API] json: unknown field "maxReorderedFrames"
2026/09/21 23:05:15 ERR [API] json: unknown field "maxReorderedFrames"
2026/09/21 23:05:15 ERR [API] json: unknown field "maxReorderedFrames"
2026/09/21 23:05:15 ERR [API] json: unknown field "maxReorderedFrames"
2026/09/21 23:05:15 ERR [API] json: unknown field "maxReorderedFrames"
2026/09/21 23:05:16 ERR [API] json: unknown field "maxReorderedFrames"
2026/09/21 23:05:16 ERR [API] json: unknown field "maxReorderedFrames"
2026/09/21 23:05:16 ERR [API] json: unknown field "maxReorderedFrames"
2026/09/21 23:05:16 ERR [API] json: unknown field "maxReorderedFrames"
2026/09/21 23:05:17 ERR [API] json: unknown field "maxReorderedFrames"
2026/09/21 23:05:17 ERR [API] json: unknown field "maxReorderedFrames"
2026/09/21 23:05:18 ERR [API] json: unknown field "maxReorderedFrames"
2026/09/21 23:05:18 ERR [API] json: unknown field "maxReorderedFrames"
2026/09/21 23:05:18 ERR [API] json: unknown field "maxReorderedFrames"
2026/09/21 23:05:18 ERR [API] json: unknown field "maxReorderedFrames"
2026/09/21 23:05:19 ERR [API] json: unknown field "maxReorderedFrames"
2026/09/21 23:05:19 ERR [API] json: unknown field "maxReorderedFrames"
2026/09/21 23:05:20 ERR [API] json: unknown field "maxReorderedFrames"
2026/09/21 23:05:20 ERR [API] json: unknown field "maxReorderedFrames"
2026/09/21 23:05:20 ERR [API] json: unknown field "maxReorderedFrames"
2026/09/21 23:05:20 ERR [API] json: unknown field "maxReorderedFrames"
2026/09/21 23:05:21 ERR [API] json: unknown field "maxReorderedFrames"
2026/09/21 23:05:21 ERR [API] json: unknown field "maxReorderedFrames"
2026/09/21 23:05:21 ERR [API] json: unknown field "maxReorderedFrames"
2026/09/21 23:05:21 ERR [API] json: unknown field "maxReorderedFrames"
2026/09/21 23:05:24 ERR [API] json: unknown field "maxReorderedFrames"
2026/09/21 23:05:24 ERR [API] json: unknown field "maxReorderedFrames"
2026/09/21 23:05:24 ERR [API] json: unknown field "maxReorderedFrames"
2026/09/21 23:05:24 ERR [API] json: unknown field "maxReorderedFrames"
2026/09/21 23:05:25 ERR [API] json: unknown field "maxReorderedFrames"
2026/09/21 23:05:25 ERR [API] json: unknown field "maxReorderedFrames"
2026/09/21 23:05:25 ERR [API] json: unknown field "maxReorderedFrames"
2026/09/21 23:05:25 ERR [API] json: unknown field "maxReorderedFrames"
2026/09/21 23:05:26 ERR [API] json: unknown field "maxReorderedFrames"
2026/09/21 23:05:27 ERR [API] json: unknown field "maxReorderedFrames"
2026/09/21 23:05:28 ERR [API] json: unknown field "maxReorderedFrames"
2026/09/21 23:05:28 ERR [API] json: unknown field "maxReorderedFrames"
2026/09/21 23:05:28 ERR [API] json: unknown field "maxReorderedFrames"
2026/09/21 23:05:28 ERR [API] json: unknown field "maxReorderedFrames"
2026/09/21 23:05:31 ERR [API] json: unknown field "maxReorderedFrames"
2026/09/21 23:05:31 ERR [API] json: unknown field "maxReorderedFrames"
2026/09/21 23:05:31 ERR [API] json: unknown field "maxReorderedFrames"
2026/09/21 23:05:31 ERR [API] json: unknown field "maxReorderedFrames"
2026/09/21 23:05:34 ERR [API] json: unknown field "maxReorderedFrames"
2026/09/21 23:05:34 ERR [API] json: unknown field "maxReorderedFrames"
2026/09/21 23:05:34 ERR [API] json: unknown field "maxReorderedFrames"
2026/09/21 23:05:34 ERR [API] json: unknown field "maxReorderedFrames"
2026/09/21 23:05:35 ERR [API] json: unknown field "maxReorderedFrames"
2026/09/21 23:05:35 ERR [API] json: unknown field "maxReorderedFrames"
2026/09/21 23:05:35 ERR [API] json: unknown field "maxReorderedFrames"
2026/09/21 23:05:35 ERR [API] json: unknown field "maxReorderedFrames"
2026/09/21 23:05:37 ERR [API] json: unknown field "maxReorderedFrames"
2026/09/21 23:05:37 ERR [API] json: unknown field "maxReorderedFrames"
2026/09/21 23:05:37 ERR [API] json: unknown field "maxReorderedFrames"
2026/09/21 23:05:37 ERR [API] json: unknown field "maxReorderedFrames"
2026/09/21 23:05:38 ERR [API] json: unknown field "maxReorderedFrames"
2026/09/21 23:05:38 ERR [API] json: unknown field "maxReorderedFrames"
2026/09/21 23:05:38 ERR [API] json: unknown field "maxReorderedFrames"
2026/09/21 23:05:38 ERR [API] json: unknown field "maxReorderedFrames"
2026/09/21 23:05:39 ERR [API] json: unknown field "maxReorderedFrames"
2026/09/21 23:05:39 ERR [API] json: unknown field "maxReorderedFrames"
2026/09/21 23:05:39 ERR [API] json: unknown field "maxReorderedFrames"
2026/09/21 23:05:40 ERR [API] json: unknown field "maxReorderedFrames"
2026/09/21 23:05:43 ERR [API] json: unknown field "maxReorderedFrames"
2026/09/21 23:05:43 ERR [API] json: unknown field "maxReorderedFrames"
2026/09/21 23:05:43 ERR [API] json: unknown field "maxReorderedFrames"
2026/09/21 23:05:43 ERR [API] json: unknown field "maxReorderedFrames"
2026/09/21 23:05:45 ERR [API] json: unknown field "maxReorderedFrames"
2026/09/21 23:05:45 ERR [API] json: unknown field "maxReorderedFrames"
2026/09/21 23:05:45 ERR [API] json: unknown field "maxReorderedFrames"
2026/09/21 23:05:45 ERR [API] json: unknown field "maxReorderedFrames"
2026/09/21 23:05:48 ERR [API] json: unknown field "maxReorderedFrames"
2026/09/21 23:05:48 ERR [API] json: unknown field "maxReorderedFrames"
2026/09/21 23:05:48 ERR [API] json: unknown field "maxReorderedFrames"
2026/09/21 23:05:48 ERR [API] json: unknown field "maxReorderedFrames"
2026/09/21 23:05:49 ERR [API] json: unknown field "maxReorderedFrames"
2026/09/21 23:05:49 ERR [API] json: unknown field "maxReorderedFrames"
2026/09/21 23:05:51 ERR [API] json: unknown field "maxReorderedFrames"
2026/09/21 23:05:51 ERR [API] json: unknown field "maxReorderedFrames"
2026/09/21 23:05:52 ERR [API] json: unknown field "maxReorderedFrames"
2026/09/21 23:05:52 ERR [API] json: unknown field "maxReorderedFrames"
2026/09/21 23:05:52 ERR [API] json: unknown field "maxReorderedFrames"
2026/09/21 23:05:52 ERR [API] json: unknown field "maxReorderedFrames"
2026/09/21 23:05:53 ERR [API] json: unknown field "maxReorderedFrames"
2026/09/21 23:05:53 ERR [API] json: unknown field "maxReorderedFrames"
2026/09/21 23:05:53 ERR [API] json: unknown field "maxReorderedFrames"
2026/09/21 23:05:53 ERR [API] json: unknown field "maxReorderedFrames"
2026/09/21 23:05:54 ERR [API] json: unknown field "maxReorderedFrames"
2026/09/21 23:05:54 ERR [API] json: unknown field "maxReorderedFrames"
2026/09/21 23:05:55 ERR [API] json: unknown field "maxReorderedFrames"
2026/09/21 23:05:55 ERR [API] json: unknown field "maxReorderedFrames"
2026/09/21 23:05:58 ERR [API] json: unknown field "maxReorderedFrames"
2026/09/21 23:05:58 ERR [API] json: unknown field "maxReorderedFrames"
2026/09/21 23:05:58 ERR [API] json: unknown field "maxReorderedFrames"
2026/09/21 23:05:58 ERR [API] json: unknown field "maxReorderedFrames"
2026/09/21 23:06:00 ERR [API] json: unknown field "maxReorderedFrames"
2026/09/21 23:06:00 ERR [API] json: unknown field "maxReorderedFrames"
2026/09/21 23:06:00 ERR [API] json: unknown field "maxReorderedFrames"
2026/09/21 23:06:00 ERR [API] json: unknown field "maxReorderedFrames"
2026/09/21 23:06:02 ERR [API] json: unknown field "maxReorderedFrames"
2026/09/21 23:06:02 ERR [API] json: unknown field "maxReorderedFrames"
2026/09/21 23:06:02 ERR [API] json: unknown field "maxReorderedFrames"
2026/09/21 23:06:02 ERR [API] json: unknown field "maxReorderedFrames"
2026/09/21 23:06:03 ERR [API] json: unknown field "maxReorderedFrames"
2026/09/21 23:06:03 ERR [API] json: unknown field "maxReorderedFrames"
2026/09/21 23:06:04 ERR [API] json: unknown field "maxReorderedFrames"
2026/09/21 23:06:04 ERR [API] json: unknown field "maxReorderedFrames"
2026/09/21 23:06:09 ERR [API] json: unknown field "maxReorderedFrames"
2026/09/21 23:06:09 ERR [API] json: unknown field "maxReorderedFrames"
2026/09/21 23:06:09 ERR [API] json: unknown field "maxReorderedFrames"
2026/09/21 23:06:09 ERR [API] json: unknown field "maxReorderedFrames"
2026/09/21 23:06:11 ERR [API] json: unknown field "maxReorderedFrames"
2026/09/21 23:06:11 ERR [API] json: unknown field "maxReorderedFrames"
2026/09/21 23:06:11 ERR [API] json: unknown field "maxReorderedFrames"
2026/09/21 23:06:11 ERR [API] json: unknown field "maxReorderedFrames"
2026/09/21 23:06:12 ERR [API] json: unknown field "maxReorderedFrames"
2026/09/21 23:06:13 ERR [API] json: unknown field "maxReorderedFrames"
2026/09/21 23:06:13 ERR [API] json: unknown field "maxReorderedFrames"
2026/09/21 23:06:13 ERR [API] json: unknown field "maxReorderedFrames"
2026/09/21 23:06:15 ERR [API] json: unknown field "maxReorderedFrames"
2026/09/21 23:06:15 ERR [API] json: unknown field "maxReorderedFrames"
2026/09/21 23:06:15 ERR [API] json: unknown field "maxReorderedFrames"
2026/09/21 23:06:15 ERR [API] json: unknown field "maxReorderedFrames"
2026/09/21 23:06:17 ERR [API] json: unknown field "maxReorderedFrames"
2026/09/21 23:06:17 ERR [API] json: unknown field "maxReorderedFrames"
2026/09/21 23:06:17 ERR [API] json: unknown field "maxReorderedFrames"
2026/09/21 23:06:17 ERR [API] json: unknown field "maxReorderedFrames"
2026/09/21 23:06:19 ERR [API] json: unknown field "maxReorderedFrames"
2026/09/21 23:06:19 ERR [API] json: unknown field "maxReorderedFrames"
2026/09/21 23:06:19 ERR [API] json: unknown field "maxReorderedFrames"
2026/09/21 23:06:19 ERR [API] json: unknown field "maxReorderedFrames"
2026/09/21 23:06:20 ERR [API] json: unknown field "maxReorderedFrames"
2026/09/21 23:06:20 ERR [API] json: unknown field "maxReorderedFrames"
2026/09/21 23:06:21 ERR [API] json: unknown field "maxReorderedFrames"
2026/09/21 23:06:21 ERR [API] json: unknown field "maxReorderedFrames"
2026/09/21 23:06:22 ERR [API] json: unknown field "maxReorderedFrames"
2026/09/21 23:06:22 ERR [API] json: unknown field "maxReorderedFrames"
2026/09/21 23:06:23 ERR [API] json: unknown field "maxReorderedFrames"
2026/09/21 23:06:23 ERR [API] json: unknown field "maxReorderedFrames"
2026/09/21 23:06:24 ERR [API] json: unknown field "maxReorderedFrames"
2026/09/21 23:06:24 ERR [API] json: unknown field "maxReorderedFrames"
2026/09/21 23:06:24 ERR [API] json: unknown field "maxReorderedFrames"
2026/09/21 23:06:24 ERR [API] json: unknown field "maxReorderedFrames"
2026/09/21 23:06:25 ERR [API] json: unknown field "maxReorderedFrames"
2026/09/21 23:06:25 ERR [API] json: unknown field "maxReorderedFrames"
2026/09/21 23:06:26 ERR [API] json: unknown field "maxReorderedFrames"
2026/09/21 23:06:26 ERR [API] json: unknown field "maxReorderedFrames"
2026/09/21 23:06:33 ERR [API] json: unknown field "maxReorderedFrames"
2026/09/21 23:06:33 ERR [API] json: unknown field "maxReorderedFrames"
2026/09/21 23:06:33 ERR [API] json: unknown field "maxReorderedFrames"
2026/09/21 23:06:36 ERR [API] json: unknown field "maxReorderedFrames"
2026/09/21 23:06:40 ERR [API] json: unknown field "maxReorderedFrames"
2026/09/21 23:06:40 ERR [API] json: unknown field "maxReorderedFrames"
2026/09/21 23:06:42 ERR [API] json: unknown field "maxReorderedFrames"
2026/09/21 23:06:42 ERR [API] json: unknown field "maxReorderedFrames"
2026/09/21 23:06:42 ERR [API] json: unknown field "maxReorderedFrames"
2026/09/21 23:06:42 ERR [API] json: unknown field "maxReorderedFrames"
2026/09/21 23:06:44 ERR [API] json: unknown field "maxReorderedFrames"
2026/09/21 23:06:44 ERR [API] json: unknown field "maxReorderedFrames"
2026/09/21 23:06:45 ERR [API] json: unknown field "maxReorderedFrames"
2026/09/21 23:06:45 ERR [API] json: unknown field "maxReorderedFrames"
2026/09/21 23:06:45 ERR [API] json: unknown field "maxReorderedFrames"
2026/09/21 23:06:45 ERR [API] json: unknown field "maxReorderedFrames"
2026/09/21 23:06:46 ERR [API] json: unknown field "maxReorderedFrames"
2026/09/21 23:06:46 ERR [API] json: unknown field "maxReorderedFrames"
2026/09/21 23:06:47 ERR [API] json: unknown field "maxReorderedFrames"
2026/09/21 23:06:47 ERR [API] json: unknown field "maxReorderedFrames"
2026/09/21 23:06:47 ERR [API] json: unknown field "maxReorderedFrames"
2026/09/21 23:06:47 ERR [API] json: unknown field "maxReorderedFrames"
2026/09/21 23:06:48 ERR [API] json: unknown field "maxReorderedFrames"
2026/09/21 23:06:48 ERR [API] json: unknown field "maxReorderedFrames"
2026/09/21 23:06:48 ERR [API] json: unknown field "maxReorderedFrames"
2026/09/21 23:06:48 ERR [API] json: unknown field "maxReorderedFrames"
2026/09/21 23:06:49 ERR [API] json: unknown field "maxReorderedFrames"
2026/09/21 23:06:49 ERR [API] json: unknown field "maxReorderedFrames"
2026/09/21 23:06:49 ERR [API] json: unknown field "maxReorderedFrames"
2026/09/21 23:06:49 ERR [API] json: unknown field "maxReorderedFrames"
2026/09/21 23:06:50 ERR [API] json: unknown field "maxReorderedFrames"
2026/09/21 23:06:50 ERR [API] json: unknown field "maxReorderedFrames"
2026/09/21 23:06:50 ERR [API] json: unknown field "maxReorderedFrames"
2026/09/21 23:06:50 ERR [API] json: unknown field "maxReorderedFrames"
2026/09/21 23:06:51 ERR [API] json: unknown field "maxReorderedFrames"
2026/09/21 23:06:51 ERR [API] json: unknown field "maxReorderedFrames"
2026/09/21 23:06:52 ERR [API] json: unknown field "maxReorderedFrames"
2026/09/21 23:06:52 ERR [API] json: unknown field "maxReorderedFrames"
2026/09/21 23:06:53 ERR [API] json: unknown field "maxReorderedFrames"
2026/09/21 23:06:53 ERR [API] json: unknown field "maxReorderedFrames"
2026/09/21 23:06:53 ERR [API] json: unknown field "maxReorderedFrames"
2026/09/21 23:06:53 ERR [API] json: unknown field "maxReorderedFrames"
2026/09/21 23:06:53 ERR [API] json: unknown field "maxReorderedFrames"
2026/09/21 23:06:53 ERR [API] json: unknown field "maxReorderedFrames"
2026/09/21 23:06:54 ERR [API] json: unknown field "maxReorderedFrames"
2026/09/21 23:06:54 ERR [API] json: unknown field "maxReorderedFrames"
2026/09/21 23:06:54 ERR [API] json: unknown field "maxReorderedFrames"
2026/09/21 23:06:55 ERR [API] json: unknown field "maxReorderedFrames"
2026/09/21 23:06:55 ERR [API] json: unknown field "maxReorderedFrames"
2026/09/21 23:06:55 ERR [API] json: unknown field "maxReorderedFrames"
2026/09/21 23:06:55 ERR [API] json: unknown field "maxReorderedFrames"
2026/09/21 23:06:55 ERR [API] json: unknown field "maxReorderedFrames"
2026/09/21 23:06:55 ERR [API] json: unknown field "maxReorderedFrames"
2026/09/21 23:06:55 ERR [API] json: unknown field "maxReorderedFrames"
2026/09/21 23:06:56 ERR [API] json: unknown field "maxReorderedFrames"
2026/09/21 23:06:56 ERR [API] json: unknown field "maxReorderedFrames"
2026/09/21 23:06:56 ERR [API] json: unknown field "maxReorderedFrames"
2026/09/21 23:06:56 ERR [API] json: unknown field "maxReorderedFrames"
2026/09/21 23:06:56 ERR [API] json: unknown field "maxReorderedFrames"
2026/09/21 23:06:56 ERR [API] json: unknown field "maxReorderedFrames"
2026/09/21 23:06:57 ERR [API] json: unknown field "maxReorderedFrames"
2026/09/21 23:06:57 ERR [API] json: unknown field "maxReorderedFrames"
2026/09/21 23:06:57 ERR [API] json: unknown field "maxReorderedFrames"
2026/09/21 23:06:57 ERR [API] json: unknown field "maxReorderedFrames"
2026/09/21 23:06:57 ERR [API] json: unknown field "maxReorderedFrames"
2026/09/21 23:06:57 ERR [API] json: unknown field "maxReorderedFrames"
2026/09/21 23:06:58 ERR [API] json: unknown field "maxReorderedFrames"
2026/09/21 23:06:58 ERR [API] json: unknown field "maxReorderedFrames"
2026/09/21 23:06:59 ERR [API] json: unknown field "maxReorderedFrames"
2026/09/21 23:06:59 ERR [API] json: unknown field "maxReorderedFrames"
2026/09/21 23:06:59 ERR [API] json: unknown field "maxReorderedFrames"
2026/09/21 23:06:59 ERR [API] json: unknown field "maxReorderedFrames"
2026/09/21 23:07:00 ERR [API] json: unknown field "maxReorderedFrames"
2026/09/21 23:07:00 ERR [API] json: unknown field "maxReorderedFrames"
2026/09/21 23:07:00 ERR [API] json: unknown field "maxReorderedFrames"
2026/09/21 23:07:00 ERR [API] json: unknown field "maxReorderedFrames"
2026/09/21 23:07:01 ERR [API] json: unknown field "maxReorderedFrames"
2026/09/21 23:07:01 ERR [API] json: unknown field "maxReorderedFrames"
2026/09/21 23:07:02 ERR [API] json: unknown field "maxReorderedFrames"
2026/09/21 23:07:02 ERR [API] json: unknown field "maxReorderedFrames"
2026/09/21 23:07:02 ERR [API] json: unknown field "maxReorderedFrames"
2026/09/21 23:07:02 ERR [API] json: unknown field "maxReorderedFrames"
2026/09/21 23:07:03 ERR [API] json: unknown field "maxReorderedFrames"
2026/09/21 23:07:03 ERR [API] json: unknown field "maxReorderedFrames"
2026/09/21 23:07:03 ERR [API] json: unknown field "maxReorderedFrames"
2026/09/21 23:07:03 ERR [API] json: unknown field "maxReorderedFrames"
2026/09/21 23:07:07 ERR [API] json: unknown field "maxReorderedFrames"
2026/09/21 23:07:07 ERR [API] json: unknown field "maxReorderedFrames"
2026/09/21 23:07:08 ERR [API] json: unknown field "maxReorderedFrames"
2026/09/21 23:07:08 ERR [API] json: unknown field "maxReorderedFrames"
2026/09/21 23:07:09 ERR [API] json: unknown field "maxReorderedFrames"
2026/09/21 23:07:09 ERR [API] json: unknown field "maxReorderedFrames"
2026/09/21 23:07:09 ERR [API] json: unknown field "maxReorderedFrames"
2026/09/21 23:07:09 ERR [API] json: unknown field "maxReorderedFrames"
2026/09/21 23:07:10 ERR [API] json: unknown field "maxReorderedFrames"
2026/09/21 23:07:10 ERR [API] json: unknown field "maxReorderedFrames"
2026/09/21 23:07:10 ERR [API] json: unknown field "maxReorderedFrames"
2026/09/21 23:07:10 ERR [API] json: unknown field "maxReorderedFrames"
2026/09/21 23:07:11 ERR [API] json: unknown field "maxReorderedFrames"
2026/09/21 23:07:11 ERR [API] json: unknown field "maxReorderedFrames"
2026/09/21 23:07:12 ERR [API] json: unknown field "maxReorderedFrames"
2026/09/21 23:07:12 ERR [API] json: unknown field "maxReorderedFrames"
2026/09/21 23:07:12 ERR [API] json: unknown field "maxReorderedFrames"
2026/09/21 23:07:12 ERR [API] json: unknown field "maxReorderedFrames"
2026/09/21 23:07:13 ERR [API] json: unknown field "maxReorderedFrames"
2026/09/21 23:07:13 ERR [API] json: unknown field "maxReorderedFrames"
2026/09/21 23:07:13 ERR [API] json: unknown field "maxReorderedFrames"
2026/09/21 23:07:14 ERR [API] json: unknown field "maxReorderedFrames"
2026/09/21 23:07:14 ERR [API] json: unknown field "maxReorderedFrames"
2026/09/21 23:07:14 ERR [API] json: unknown field "maxReorderedFrames"
2026/09/21 23:07:15 ERR [API] json: unknown field "maxReorderedFrames"
2026/09/21 23:07:15 ERR [API] json: unknown field "maxReorderedFrames"
2026/09/21 23:07:16 ERR [API] json: unknown field "maxReorderedFrames"
2026/09/21 23:07:16 ERR [API] json: unknown field "maxReorderedFrames"
2026/09/21 23:07:16 ERR [API] json: unknown field "maxReorderedFrames"
2026/09/21 23:07:16 ERR [API] json: unknown field "maxReorderedFrames"
2026/09/21 23:07:16 ERR [API] json: unknown field "maxReorderedFrames"
2026/09/21 23:07:16 ERR [API] json: unknown field "maxReorderedFrames"
2026/09/21 23:07:17 ERR [API] json: unknown field "maxReorderedFrames"
2026/09/21 23:07:17 ERR [API] json: unknown field "maxReorderedFrames"
2026/09/21 23:07:17 ERR [API] json: unknown field "maxReorderedFrames"
2026/09/21 23:07:17 ERR [API] json: unknown field "maxReorderedFrames"
2026/09/21 23:07:20 ERR [API] json: unknown field "maxReorderedFrames"
2026/09/21 23:07:20 ERR [API] json: unknown field "maxReorderedFrames"
2026/09/21 23:07:22 ERR [API] json: unknown field "maxReorderedFrames"
2026/09/21 23:07:22 ERR [API] json: unknown field "maxReorderedFrames"
2026/09/21 23:07:22 ERR [API] json: unknown field "maxReorderedFrames"
2026/09/21 23:07:22 ERR [API] json: unknown field "maxReorderedFrames"
2026/09/21 23:07:24 ERR [API] json: unknown field "maxReorderedFrames"
2026/09/21 23:07:24 ERR [API] json: unknown field "maxReorderedFrames"
2026/09/21 23:07:24 ERR [API] json: unknown field "maxReorderedFrames"
2026/09/21 23:07:24 ERR [API] json: unknown field "maxReorderedFrames"
2026/09/21 23:07:26 ERR [API] json: unknown field "maxReorderedFrames"
2026/09/21 23:07:26 ERR [API] json: unknown field "maxReorderedFrames"
2026/09/21 23:07:29 ERR [API] json: unknown field "maxReorderedFrames"
2026/09/21 23:07:29 ERR [API] json: unknown field "maxReorderedFrames"
2026/09/21 23:07:30 ERR [API] json: unknown field "maxReorderedFrames"
2026/09/21 23:07:30 ERR [API] json: unknown field "maxReorderedFrames"
2026/09/21 23:07:30 ERR [API] json: unknown field "maxReorderedFrames"
2026/09/21 23:07:30 ERR [API] json: unknown field "maxReorderedFrames"
2026/09/21 23:07:31 ERR [API] json: unknown field "maxReorderedFrames"
2026/09/21 23:07:31 ERR [API] json: unknown field "maxReorderedFrames"
2026/09/21 23:07:31 ERR [API] json: unknown field "maxReorderedFrames"
2026/09/21 23:07:31 ERR [API] json: unknown field "maxReorderedFrames"
2026/09/21 23:07:32 ERR [API] json: unknown field "maxReorderedFrames"
2026/09/21 23:07:32 ERR [API] json: unknown field "maxReorderedFrames"
2026/09/21 23:07:32 ERR [API] json: unknown field "maxReorderedFrames"
2026/09/21 23:07:32 ERR [API] json: unknown field "maxReorderedFrames"
2026/09/21 23:07:34 ERR [API] json: unknown field "maxReorderedFrames"
2026/09/21 23:07:34 ERR [API] json: unknown field "maxReorderedFrames"
2026/09/21 23:07:34 ERR [API] json: unknown field "maxReorderedFrames"
2026/09/21 23:07:34 ERR [API] json: unknown field "maxReorderedFrames"
2026/09/21 23:07:36 ERR [API] json: unknown field "maxReorderedFrames"
2026/09/21 23:07:36 ERR [API] json: unknown field "maxReorderedFrames"
2026/09/21 23:07:36 ERR [API] json: unknown field "maxReorderedFrames"
2026/09/21 23:07:36 ERR [API] json: unknown field "maxReorderedFrames"
2026/09/21 23:07:37 ERR [API] json: unknown field "maxReorderedFrames"
2026/09/21 23:07:37 ERR [API] json: unknown field "maxReorderedFrames"
2026/09/21 23:07:37 ERR [API] json: unknown field "maxReorderedFrames"
2026/09/21 23:07:37 ERR [API] json: unknown field "maxReorderedFrames"
2026/09/21 23:07:37 ERR [API] json: unknown field "maxReorderedFrames"
2026/09/21 23:07:37 ERR [API] json: unknown field "maxReorderedFrames"
2026/09/21 23:07:38 ERR [API] json: unknown field "maxReorderedFrames"
2026/09/21 23:07:38 ERR [API] json: unknown field "maxReorderedFrames"
2026/09/21 23:07:39 ERR [API] json: unknown field "maxReorderedFrames"
2026/09/21 23:07:39 ERR [API] json: unknown field "maxReorderedFrames"
2026/09/21 23:07:39 ERR [API] json: unknown field "maxReorderedFrames"
2026/09/21 23:07:39 ERR [API] json: unknown field "maxReorderedFrames"
2026/09/21 23:07:41 ERR [API] json: unknown field "maxReorderedFrames"
2026/09/21 23:07:41 ERR [API] json: unknown field "maxReorderedFrames"
2026/09/21 23:07:41 ERR [API] json: unknown field "maxReorderedFrames"
2026/09/21 23:07:41 ERR [API] json: unknown field "maxReorderedFrames"
2026/09/21 23:07:43 ERR [API] json: unknown field "maxReorderedFrames"
2026/09/21 23:07:43 ERR [API] json: unknown field "maxReorderedFrames"
2026/09/21 23:07:43 ERR [API] json: unknown field "maxReorderedFrames"
2026/09/21 23:07:43 ERR [API] json: unknown field "maxReorderedFrames"
2026/09/21 23:07:46 ERR [API] json: unknown field "maxReorderedFrames"
2026/09/21 23:07:46 ERR [API] json: unknown field "maxReorderedFrames"
2026/09/21 23:07:48 ERR [API] json: unknown field "maxReorderedFrames"
2026/09/21 23:07:48 ERR [API] json: unknown field "maxReorderedFrames"
2026/09/21 23:07:49 ERR [API] json: unknown field "maxReorderedFrames"
2026/09/21 23:07:49 ERR [API] json: unknown field "maxReorderedFrames"
2026/09/21 23:07:50 ERR [API] json: unknown field "maxReorderedFrames"
2026/09/21 23:07:50 ERR [API] json: unknown field "maxReorderedFrames"
2026/09/21 23:07:50 ERR [API] json: unknown field "maxReorderedFrames"
2026/09/21 23:07:50 ERR [API] json: unknown field "maxReorderedFrames"
2026/09/21 23:07:51 ERR [API] json: unknown field "maxReorderedFrames"
2026/09/21 23:07:51 ERR [API] json: unknown field "maxReorderedFrames"
2026/09/21 23:07:51 ERR [API] json: unknown field "maxReorderedFrames"
2026/09/21 23:07:51 ERR [API] json: unknown field "maxReorderedFrames"
2026/09/21 23:07:52 ERR [API] json: unknown field "maxReorderedFrames"
2026/09/21 23:07:52 ERR [API] json: unknown field "maxReorderedFrames"
2026/09/21 23:07:52 ERR [API] json: unknown field "maxReorderedFrames"
2026/09/21 23:07:52 ERR [API] json: unknown field "maxReorderedFrames"
2026/09/21 23:07:52 ERR [API] json: unknown field "maxReorderedFrames"
2026/09/21 23:07:52 ERR [API] json: unknown field "maxReorderedFrames"
2026/09/21 23:07:53 ERR [API] json: unknown field "maxReorderedFrames"
2026/09/21 23:07:53 ERR [API] json: unknown field "maxReorderedFrames"
2026/09/21 23:07:53 ERR [API] json: unknown field "maxReorderedFrames"
2026/09/21 23:07:53 ERR [API] json: unknown field "maxReorderedFrames"
2026/09/21 23:07:54 ERR [API] json: unknown field "maxReorderedFrames"
2026/09/21 23:07:54 ERR [API] json: unknown field "maxReorderedFrames"
2026/09/21 23:07:54 ERR [API] json: unknown field "maxReorderedFrames"
2026/09/21 23:07:54 ERR [API] json: unknown field "maxReorderedFrames"
2026/09/21 23:07:55 ERR [API] json: unknown field "maxReorderedFrames"
2026/09/21 23:07:55 ERR [API] json: unknown field "maxReorderedFrames"
2026/09/21 23:07:55 ERR [API] json: unknown field "maxReorderedFrames"
2026/09/21 23:07:55 ERR [API] json: unknown field "maxReorderedFrames"
2026/09/21 23:07:57 ERR [API] json: unknown field "maxReorderedFrames"
2026/09/21 23:07:57 ERR [API] json: unknown field "maxReorderedFrames"
2026/09/21 23:07:59 ERR [API] json: unknown field "maxReorderedFrames"
2026/09/21 23:07:59 ERR [API] json: unknown field "maxReorderedFrames"
2026/09/21 23:08:01 ERR [API] json: unknown field "maxReorderedFrames"
2026/09/21 23:08:01 ERR [API] json: unknown field "maxReorderedFrames"
2026/09/21 23:08:01 ERR [API] json: unknown field "maxReorderedFrames"
2026/09/21 23:08:01 ERR [API] json: unknown field "maxReorderedFrames"
2026/09/21 23:08:03 ERR [API] json: unknown field "maxReorderedFrames"
2026/09/21 23:08:03 ERR [API] json: unknown field "maxReorderedFrames"
2026/09/21 23:08:04 ERR [API] json: unknown field "maxReorderedFrames"
2026/09/21 23:08:04 ERR [API] json: unknown field "maxReorderedFrames"
2026/09/21 23:08:06 ERR [API] json: unknown field "maxReorderedFrames"
2026/09/21 23:08:06 ERR [API] json: unknown field "maxReorderedFrames"
2026/09/21 23:08:07 ERR [API] json: unknown field "maxReorderedFrames"
2026/09/21 23:08:07 ERR [API] json: unknown field "maxReorderedFrames"
2026/09/21 23:08:07 ERR [API] json: unknown field "maxReorderedFrames"
2026/09/21 23:08:07 ERR [API] json: unknown field "maxReorderedFrames"
2026/09/21 23:08:08 ERR [API] json: unknown field "maxReorderedFrames"
2026/09/21 23:08:08 ERR [API] json: unknown field "maxReorderedFrames"
2026/09/21 23:08:10 ERR [API] json: unknown field "maxReorderedFrames"
2026/09/21 23:08:10 ERR [API] json: unknown field "maxReorderedFrames"
2026/09/21 23:08:10 ERR [API] json: unknown field "maxReorderedFrames"
2026/09/21 23:08:10 ERR [API] json: unknown field "maxReorderedFrames"
2026/09/21 23:08:11 ERR [API] json: unknown field "maxReorderedFrames"
2026/09/21 23:08:11 ERR [API] json: unknown field "maxReorderedFrames"
2026/09/21 23:08:12 ERR [API] json: unknown field "maxReorderedFrames"
2026/09/21 23:08:12 ERR [API] json: unknown field "maxReorderedFrames"
2026/09/21 23:08:12 ERR [API] json: unknown field "maxReorderedFrames"
2026/09/21 23:08:12 ERR [API] json: unknown field "maxReorderedFrames"
2026/09/21 23:08:13 ERR [API] json: unknown field "maxReorderedFrames"
2026/09/21 23:08:13 ERR [API] json: unknown field "maxReorderedFrames"
2026/09/21 23:08:13 ERR [API] json: unknown field "maxReorderedFrames"
2026/09/21 23:08:13 ERR [API] json: unknown field "maxReorderedFrames"
2026/09/21 23:08:14 ERR [API] json: unknown field "maxReorderedFrames"
2026/09/21 23:08:14 ERR [API] json: unknown field "maxReorderedFrames"
2026/09/21 23:08:14 ERR [API] json: unknown field "maxReorderedFrames"
2026/09/21 23:08:14 ERR [API] json: unknown field "maxReorderedFrames"
2026/09/21 23:08:15 ERR [API] json: unknown field "maxReorderedFrames"
2026/09/21 23:08:15 ERR [API] json: unknown field "maxReorderedFrames"
2026/09/21 23:08:15 ERR [API] json: unknown field "maxReorderedFrames"
2026/09/21 23:08:15 ERR [API] json: unknown field "maxReorderedFrames"
2026/09/21 23:08:16 ERR [API] json: unknown field "maxReorderedFrames"
2026/09/21 23:08:16 ERR [API] json: unknown field "maxReorderedFrames"
2026/09/21 23:08:16 ERR [API] json: unknown field "maxReorderedFrames"
2026/09/21 23:08:16 ERR [API] json: unknown field "maxReorderedFrames"
2026/09/21 23:08:17 ERR [API] json: unknown field "maxReorderedFrames"
2026/09/21 23:08:17 ERR [API] json: unknown field "maxReorderedFrames"
2026/09/21 23:08:17 ERR [API] json: unknown field "maxReorderedFrames"
2026/09/21 23:08:17 ERR [API] json: unknown field "maxReorderedFrames"
2026/09/21 23:08:17 ERR [API] json: unknown field "maxReorderedFrames"
2026/09/21 23:08:17 ERR [API] json: unknown field "maxReorderedFrames"
2026/09/21 23:08:18 ERR [API] json: unknown field "maxReorderedFrames"
2026/09/21 23:08:18 ERR [API] json: unknown field "maxReorderedFrames"
2026/09/21 23:08:19 ERR [API] json: unknown field "maxReorderedFrames"
2026/09/21 23:08:19 ERR [API] json: unknown field "maxReorderedFrames"
2026/09/21 23:08:21 ERR [API] json: unknown field "maxReorderedFrames"
2026/09/21 23:08:21 ERR [API] json: unknown field "maxReorderedFrames"
2026/09/21 23:08:21 ERR [API] json: unknown field "maxReorderedFrames"
2026/09/21 23:08:21 ERR [API] json: unknown field "maxReorderedFrames"
2026/09/21 23:08:22 ERR [API] json: unknown field "maxReorderedFrames"
2026/09/21 23:08:22 ERR [API] json: unknown field "maxReorderedFrames"
2026/09/21 23:08:25 ERR [API] json: unknown field "maxReorderedFrames"
2026/09/21 23:08:25 ERR [API] json: unknown field "maxReorderedFrames"
2026/09/21 23:08:25 ERR [API] json: unknown field "maxReorderedFrames"
2026/09/21 23:08:25 ERR [API] json: unknown field "maxReorderedFrames"
2026/09/21 23:08:26 ERR [API] json: unknown field "maxReorderedFrames"
2026/09/21 23:08:26 ERR [API] json: unknown field "maxReorderedFrames"
2026/09/21 23:08:28 ERR [API] json: unknown field "maxReorderedFrames"
2026/09/21 23:08:28 ERR [API] json: unknown field "maxReorderedFrames"
2026/09/21 23:08:28 ERR [API] json: unknown field "maxReorderedFrames"
2026/09/21 23:08:28 ERR [API] json: unknown field "maxReorderedFrames"
2026/09/21 23:08:30 ERR [API] json: unknown field "maxReorderedFrames"
2026/09/21 23:08:30 ERR [API] json: unknown field "maxReorderedFrames"
2026/09/21 23:08:30 ERR [API] json: unknown field "maxReorderedFrames"
2026/09/21 23:08:30 ERR [API] json: unknown field "maxReorderedFrames"
2026/09/21 23:08:31 ERR [API] json: unknown field "maxReorderedFrames"
2026/09/21 23:08:31 ERR [API] json: unknown field "maxReorderedFrames"
2026/09/21 23:08:31 ERR [API] json: unknown field "maxReorderedFrames"
2026/09/21 23:08:31 ERR [API] json: unknown field "maxReorderedFrames"
2026/09/21 23:08:34 ERR [API] json: unknown field "maxReorderedFrames"
2026/09/21 23:08:34 ERR [API] json: unknown field "maxReorderedFrames"
2026/09/21 23:08:34 ERR [API] json: unknown field "maxReorderedFrames"
2026/09/21 23:08:34 ERR [API] json: unknown field "maxReorderedFrames"
2026/09/21 23:08:35 ERR [API] json: unknown field "maxReorderedFrames"
2026/09/21 23:08:35 ERR [API] json: unknown field "maxReorderedFrames"
2026/09/21 23:08:35 ERR [API] json: unknown field "maxReorderedFrames"
2026/09/21 23:08:35 ERR [API] json: unknown field "maxReorderedFrames"
2026/09/21 23:08:36 ERR [API] json: unknown field "maxReorderedFrames"
2026/09/21 23:08:36 ERR [API] json: unknown field "maxReorderedFrames"
2026/09/21 23:08:37 ERR [API] json: unknown field "maxReorderedFrames"
2026/09/21 23:08:37 ERR [API] json: unknown field "maxReorderedFrames"
2026/09/21 23:08:38 ERR [API] json: unknown field "maxReorderedFrames"
2026/09/21 23:08:38 ERR [API] json: unknown field "maxReorderedFrames"
2026/09/21 23:08:38 ERR [API] json: unknown field "maxReorderedFrames"
2026/09/21 23:08:38 ERR [API] json: unknown field "maxReorderedFrames"
2026/09/21 23:08:38 ERR [API] json: unknown field "maxReorderedFrames"
2026/09/21 23:08:38 ERR [API] json: unknown field "maxReorderedFrames"
2026/09/21 23:08:39 ERR [API] json: unknown field "maxReorderedFrames"
2026/09/21 23:08:39 ERR [API] json: unknown field "maxReorderedFrames"
2026/09/21 23:08:40 ERR [API] json: unknown field "maxReorderedFrames"
2026/09/21 23:08:40 ERR [API] json: unknown field "maxReorderedFrames"
2026/09/21 23:08:41 ERR [API] json: unknown field "maxReorderedFrames"
2026/09/21 23:08:41 ERR [API] json: unknown field "maxReorderedFrames"
2026/09/21 23:08:42 ERR [API] json: unknown field "maxReorderedFrames"
2026/09/21 23:08:42 ERR [API] json: unknown field "maxReorderedFrames"
2026/09/21 23:08:43 ERR [API] json: unknown field "maxReorderedFrames"
2026/09/21 23:08:43 ERR [API] json: unknown field "maxReorderedFrames"
2026/09/21 23:08:43 ERR [API] json: unknown field "maxReorderedFrames"
2026/09/21 23:08:43 ERR [API] json: unknown field "maxReorderedFrames"
2026/09/21 23:08:44 ERR [API] json: unknown field "maxReorderedFrames"
2026/09/21 23:08:44 ERR [API] json: unknown field "maxReorderedFrames"
2026/09/21 23:08:44 ERR [API] json: unknown field "maxReorderedFrames"
2026/09/21 23:08:44 ERR [API] json: unknown field "maxReorderedFrames"
2026/09/21 23:08:45 ERR [API] json: unknown field "maxReorderedFrames"
2026/09/21 23:08:45 ERR [API] json: unknown field "maxReorderedFrames"
2026/09/21 23:08:45 ERR [API] json: unknown field "maxReorderedFrames"
2026/09/21 23:08:45 ERR [API] json: unknown field "maxReorderedFrames"
2026/09/21 23:08:47 ERR [API] json: unknown field "maxReorderedFrames"
2026/09/21 23:08:47 ERR [API] json: unknown field "maxReorderedFrames"
2026/09/21 23:08:47 ERR [API] json: unknown field "maxReorderedFrames"
2026/09/21 23:08:47 ERR [API] json: unknown field "maxReorderedFrames"
2026/09/21 23:08:47 ERR [API] json: unknown field "maxReorderedFrames"
2026/09/21 23:08:47 ERR [API] json: unknown field "maxReorderedFrames"
2026/09/21 23:08:48 ERR [API] json: unknown field "maxReorderedFrames"
2026/09/21 23:08:48 ERR [API] json: unknown field "maxReorderedFrames"
2026/09/21 23:08:48 ERR [API] json: unknown field "maxReorderedFrames"
2026/09/21 23:08:48 ERR [API] json: unknown field "maxReorderedFrames"
2026/09/21 23:08:49 ERR [API] json: unknown field "maxReorderedFrames"
2026/09/21 23:08:49 ERR [API] json: unknown field "maxReorderedFrames"
2026/09/21 23:08:49 ERR [API] json: unknown field "maxReorderedFrames"
2026/09/21 23:08:49 ERR [API] json: unknown field "maxReorderedFrames"
2026/09/21 23:08:52 ERR [API] json: unknown field "maxReorderedFrames"
2026/09/21 23:08:52 ERR [API] json: unknown field "maxReorderedFrames"
2026/09/21 23:08:52 ERR [API] json: unknown field "maxReorderedFrames"
2026/09/21 23:08:52 ERR [API] json: unknown field "maxReorderedFrames"
2026/09/21 23:08:53 ERR [API] json: unknown field "maxReorderedFrames"
2026/09/21 23:08:53 ERR [API] json: unknown field "maxReorderedFrames"
2026/09/21 23:08:53 ERR [API] json: unknown field "maxReorderedFrames"
2026/09/21 23:08:53 ERR [API] json: unknown field "maxReorderedFrames"
2026/09/21 23:08:55 ERR [API] json: unknown field "maxReorderedFrames"
2026/09/21 23:08:55 ERR [API] json: unknown field "maxReorderedFrames"
2026/09/21 23:08:55 ERR [API] json: unknown field "maxReorderedFrames"
2026/09/21 23:08:55 ERR [API] json: unknown field "maxReorderedFrames"
2026/09/21 23:08:55 ERR [API] json: unknown field "maxReorderedFrames"
2026/09/21 23:08:55 ERR [API] json: unknown field "maxReorderedFrames"
2026/09/21 23:08:58 ERR [API] json: unknown field "maxReorderedFrames"
2026/09/21 23:08:58 ERR [API] json: unknown field "maxReorderedFrames"
2026/09/21 23:08:58 ERR [API] json: unknown field "maxReorderedFrames"
2026/09/21 23:08:58 ERR [API] json: unknown field "maxReorderedFrames"
2026/09/21 23:08:58 ERR [API] json: unknown field "maxReorderedFrames"
2026/09/21 23:08:58 ERR [API] json: unknown field "maxReorderedFrames"
2026/09/21 23:08:59 ERR [API] json: unknown field "maxReorderedFrames"
2026/09/21 23:08:59 ERR [API] json: unknown field "maxReorderedFrames"
2026/09/21 23:08:59 ERR [API] json: unknown field "maxReorderedFrames"
2026/09/21 23:08:59 ERR [API] json: unknown field "maxReorderedFrames"
2026/09/21 23:08:59 ERR [API] json: unknown field "maxReorderedFrames"
2026/09/21 23:08:59 ERR [API] json: unknown field "maxReorderedFrames"
2026/09/21 23:09:00 ERR [API] json: unknown field "maxReorderedFrames"
2026/09/21 23:09:00 ERR [API] json: unknown field "maxReorderedFrames"
2026/09/21 23:09:01 ERR [API] json: unknown field "maxReorderedFrames"
2026/09/21 23:09:01 ERR [API] json: unknown field "maxReorderedFrames"
2026/09/21 23:09:02 ERR [API] json: unknown field "maxReorderedFrames"
2026/09/21 23:09:02 ERR [API] json: unknown field "maxReorderedFrames"
2026/09/21 23:09:03 ERR [API] json: unknown field "maxReorderedFrames"
2026/09/21 23:09:03 ERR [API] json: unknown field "maxReorderedFrames"
2026/09/21 23:09:06 ERR [API] json: unknown field "maxReorderedFrames"
2026/09/21 23:09:06 ERR [API] json: unknown field "maxReorderedFrames"
2026/09/21 23:09:06 ERR [API] json: unknown field "maxReorderedFrames"
2026/09/21 23:09:06 ERR [API] json: unknown field "maxReorderedFrames"
2026/09/21 23:09:07 ERR [API] json: unknown field "maxReorderedFrames"
2026/09/21 23:09:07 ERR [API] json: unknown field "maxReorderedFrames"
2026/09/21 23:09:07 ERR [API] json: unknown field "maxReorderedFrames"
2026/09/21 23:09:07 ERR [API] json: unknown field "maxReorderedFrames"
2026/09/21 23:09:08 ERR [API] json: unknown field "maxReorderedFrames"
2026/09/21 23:09:08 ERR [API] json: unknown field "maxReorderedFrames"
2026/09/21 23:09:09 ERR [API] json: unknown field "maxReorderedFrames"
2026/09/21 23:09:09 ERR [API] json: unknown field "maxReorderedFrames"
2026/09/21 23:09:10 ERR [API] json: unknown field "maxReorderedFrames"
2026/09/21 23:09:10 ERR [API] json: unknown field "maxReorderedFrames"
2026/09/21 23:09:10 ERR [API] json: unknown field "maxReorderedFrames"
2026/09/21 23:09:10 ERR [API] json: unknown field "maxReorderedFrames"
2026/09/21 23:09:11 ERR [API] json: unknown field "maxReorderedFrames"
2026/09/21 23:09:11 ERR [API] json: unknown field "maxReorderedFrames"
2026/09/21 23:09:12 ERR [API] json: unknown field "maxReorderedFrames"
2026/09/21 23:09:12 ERR [API] json: unknown field "maxReorderedFrames"
2026/09/21 23:09:12 ERR [API] json: unknown field "maxReorderedFrames"
2026/09/21 23:09:12 ERR [API] json: unknown field "maxReorderedFrames"
2026/09/21 23:09:12 ERR [API] json: unknown field "maxReorderedFrames"
2026/09/21 23:09:12 ERR [API] json: unknown field "maxReorderedFrames"
2026/09/21 23:09:13 ERR [API] json: unknown field "maxReorderedFrames"
2026/09/21 23:09:13 ERR [API] json: unknown field "maxReorderedFrames"
2026/09/21 23:09:13 ERR [API] json: unknown field "maxReorderedFrames"
2026/09/21 23:09:13 ERR [API] json: unknown field "maxReorderedFrames"
2026/09/21 23:09:13 ERR [API] json: unknown field "maxReorderedFrames"
2026/09/21 23:09:13 ERR [API] json: unknown field "maxReorderedFrames"
2026/09/21 23:09:14 ERR [API] json: unknown field "maxReorderedFrames"
2026/09/21 23:09:14 ERR [API] json: unknown field "maxReorderedFrames"
2026/09/21 23:09:15 ERR [API] json: unknown field "maxReorderedFrames"
2026/09/21 23:09:15 ERR [API] json: unknown field "maxReorderedFrames"
2026/09/21 23:09:16 ERR [API] json: unknown field "maxReorderedFrames"
2026/09/21 23:09:16 ERR [API] json: unknown field "maxReorderedFrames"
2026/09/21 23:09:16 ERR [API] json: unknown field "maxReorderedFrames"
2026/09/21 23:09:16 ERR [API] json: unknown field "maxReorderedFrames"
2026/09/21 23:09:17 ERR [API] json: unknown field "maxReorderedFrames"
2026/09/21 23:09:17 ERR [API] json: unknown field "maxReorderedFrames"
2026/09/21 23:09:17 ERR [API] json: unknown field "maxReorderedFrames"
2026/09/21 23:09:17 ERR [API] json: unknown field "maxReorderedFrames"
2026/09/21 23:09:18 ERR [API] json: unknown field "maxReorderedFrames"
2026/09/21 23:09:18 ERR [API] json: unknown field "maxReorderedFrames"
2026/09/21 23:09:18 ERR [API] json: unknown field "maxReorderedFrames"
2026/09/21 23:09:18 ERR [API] json: unknown field "maxReorderedFrames"
2026/09/21 23:09:19 ERR [API] json: unknown field "maxReorderedFrames"
2026/09/21 23:09:19 ERR [API] json: unknown field "maxReorderedFrames"
2026/09/21 23:09:19 ERR [API] json: unknown field "maxReorderedFrames"
2026/09/21 23:09:19 ERR [API] json: unknown field "maxReorderedFrames"
2026/09/21 23:09:21 ERR [API] json: unknown field "maxReorderedFrames"
2026/09/21 23:09:21 ERR [API] json: unknown field "maxReorderedFrames"
2026/09/21 23:09:21 ERR [API] json: unknown field "maxReorderedFrames"
2026/09/21 23:09:21 ERR [API] json: unknown field "maxReorderedFrames"
2026/09/21 23:09:21 ERR [API] json: unknown field "maxReorderedFrames"
2026/09/21 23:09:21 ERR [API] json: unknown field "maxReorderedFrames"
2026/09/21 23:09:22 ERR [API] json: unknown field "maxReorderedFrames"
2026/09/21 23:09:22 ERR [API] json: unknown field "maxReorderedFrames"
2026/09/21 23:09:23 ERR [API] json: unknown field "maxReorderedFrames"
2026/09/21 23:09:23 ERR [API] json: unknown field "maxReorderedFrames"
2026/09/21 23:09:23 ERR [API] json: unknown field "maxReorderedFrames"
2026/09/21 23:09:23 ERR [API] json: unknown field "maxReorderedFrames"
2026/09/21 23:09:25 ERR [API] json: unknown field "maxReorderedFrames"
2026/09/21 23:09:25 ERR [API] json: unknown field "maxReorderedFrames"
2026/09/21 23:09:25 ERR [API] json: unknown field "maxReorderedFrames"
2026/09/21 23:09:25 ERR [API] json: unknown field "maxReorderedFrames"
2026/09/21 23:09:29 ERR [API] json: unknown field "maxReorderedFrames"
2026/09/21 23:09:29 ERR [API] json: unknown field "maxReorderedFrames"
2026/09/21 23:09:29 ERR [API] json: unknown field "maxReorderedFrames"
2026/09/21 23:09:29 ERR [API] json: unknown field "maxReorderedFrames"
2026/09/21 23:09:29 ERR [API] json: unknown field "maxReorderedFrames"
2026/09/21 23:09:29 ERR [API] json: unknown field "maxReorderedFrames"
2026/09/21 23:09:29 ERR [API] json: unknown field "maxReorderedFrames"
2026/09/21 23:09:29 ERR [API] json: unknown field "maxReorderedFrames"
2026/09/21 23:09:30 ERR [API] json: unknown field "maxReorderedFrames"
2026/09/21 23:09:30 ERR [API] json: unknown field "maxReorderedFrames"
2026/09/21 23:09:30 ERR [API] json: unknown field "maxReorderedFrames"
2026/09/21 23:09:30 ERR [API] json: unknown field "maxReorderedFrames"
2026/09/21 23:09:31 ERR [API] json: unknown field "maxReorderedFrames"
2026/09/21 23:09:31 ERR [API] json: unknown field "maxReorderedFrames"
2026/09/21 23:09:31 ERR [API] json: unknown field "maxReorderedFrames"
2026/09/21 23:09:31 ERR [API] json: unknown field "maxReorderedFrames"
2026/09/21 23:09:33 ERR [API] json: unknown field "maxReorderedFrames"
2026/09/21 23:09:33 ERR [API] json: unknown field "maxReorderedFrames"
2026/09/21 23:09:33 ERR [API] json: unknown field "maxReorderedFrames"
2026/09/21 23:09:33 ERR [API] json: unknown field "maxReorderedFrames"
2026/09/21 23:09:33 ERR [API] json: unknown field "maxReorderedFrames"
2026/09/21 23:09:33 ERR [API] json: unknown field "maxReorderedFrames"
2026/09/21 23:09:33 ERR [API] json: unknown field "maxReorderedFrames"
2026/09/21 23:09:33 ERR [API] json: unknown field "maxReorderedFrames"
2026/09/21 23:09:35 ERR [API] json: unknown field "maxReorderedFrames"
2026/09/21 23:09:35 ERR [API] json: unknown field "maxReorderedFrames"
2026/09/21 23:09:35 ERR [API] json: unknown field "maxReorderedFrames"
2026/09/21 23:09:35 ERR [API] json: unknown field "maxReorderedFrames"
2026/09/21 23:09:36 ERR [API] json: unknown field "maxReorderedFrames"
2026/09/21 23:09:36 ERR [API] json: unknown field "maxReorderedFrames"
2026/09/21 23:09:36 ERR [API] json: unknown field "maxReorderedFrames"
2026/09/21 23:09:36 ERR [API] json: unknown field "maxReorderedFrames"
2026/09/21 23:09:36 ERR [API] json: unknown field "maxReorderedFrames"
2026/09/21 23:09:36 ERR [API] json: unknown field "maxReorderedFrames"
2026/09/21 23:09:37 ERR [API] json: unknown field "maxReorderedFrames"
2026/09/21 23:09:37 ERR [API] json: unknown field "maxReorderedFrames"
2026/09/21 23:09:38 ERR [API] json: unknown field "maxReorderedFrames"
2026/09/21 23:09:38 ERR [API] json: unknown field "maxReorderedFrames"
2026/09/21 23:09:38 ERR [API] json: unknown field "maxReorderedFrames"
2026/09/21 23:09:38 ERR [API] json: unknown field "maxReorderedFrames"
2026/09/21 23:09:38 ERR [API] json: unknown field "maxReorderedFrames"
2026/09/21 23:09:38 ERR [API] json: unknown field "maxReorderedFrames"
2026/09/21 23:09:39 ERR [API] json: unknown field "maxReorderedFrames"
2026/09/21 23:09:39 ERR [API] json: unknown field "maxReorderedFrames"
2026/09/21 23:09:39 ERR [API] json: unknown field "maxReorderedFrames"
2026/09/21 23:09:39 ERR [API] json: unknown field "maxReorderedFrames"
2026/09/21 23:09:42 ERR [API] json: unknown field "maxReorderedFrames"
2026/09/21 23:09:42 ERR [API] json: unknown field "maxReorderedFrames"
2026/09/21 23:09:43 ERR [API] json: unknown field "maxReorderedFrames"
2026/09/21 23:09:43 ERR [API] json: unknown field "maxReorderedFrames"
2026/09/21 23:09:45 ERR [API] json: unknown field "maxReorderedFrames"
2026/09/21 23:09:45 ERR [API] json: unknown field "maxReorderedFrames"
2026/09/21 23:09:45 ERR [API] json: unknown field "maxReorderedFrames"
2026/09/21 23:09:45 ERR [API] json: unknown field "maxReorderedFrames"
2026/09/21 23:09:46 ERR [API] json: unknown field "maxReorderedFrames"
2026/09/21 23:09:46 ERR [API] json: unknown field "maxReorderedFrames"
2026/09/21 23:09:47 ERR [API] json: unknown field "maxReorderedFrames"
2026/09/21 23:09:47 ERR [API] json: unknown field "maxReorderedFrames"
2026/09/21 23:09:47 ERR [API] json: unknown field "maxReorderedFrames"
2026/09/21 23:09:47 ERR [API] json: unknown field "maxReorderedFrames"
2026/09/21 23:09:48 ERR [API] json: unknown field "maxReorderedFrames"
2026/09/21 23:09:48 ERR [API] json: unknown field "maxReorderedFrames"
2026/09/21 23:09:48 ERR [API] json: unknown field "maxReorderedFrames"
2026/09/21 23:09:48 ERR [API] json: unknown field "maxReorderedFrames"
2026/09/21 23:09:49 ERR [API] json: unknown field "maxReorderedFrames"
2026/09/21 23:09:49 ERR [API] json: unknown field "maxReorderedFrames"
2026/09/21 23:09:49 ERR [API] json: unknown field "maxReorderedFrames"
2026/09/21 23:09:49 ERR [API] json: unknown field "maxReorderedFrames"
2026/09/21 23:09:49 ERR [API] json: unknown field "maxReorderedFrames"
2026/09/21 23:09:49 ERR [API] json: unknown field "maxReorderedFrames"
2026/09/21 23:09:50 ERR [API] json: unknown field "maxReorderedFrames"
2026/09/21 23:09:50 ERR [API] json: unknown field "maxReorderedFrames"
2026/09/21 23:09:51 ERR [API] json: unknown field "maxReorderedFrames"
2026/09/21 23:09:51 ERR [API] json: unknown field "maxReorderedFrames"
2026/09/21 23:09:52 ERR [API] json: unknown field "maxReorderedFrames"
2026/09/21 23:09:52 ERR [API] json: unknown field "maxReorderedFrames"
2026/09/21 23:09:53 ERR [API] json: unknown field "maxReorderedFrames"
2026/09/21 23:09:53 ERR [API] json: unknown field "maxReorderedFrames"
2026/09/21 23:09:53 ERR [API] json: unknown field "maxReorderedFrames"
2026/09/21 23:09:53 ERR [API] json: unknown field "maxReorderedFrames"
2026/09/21 23:09:53 ERR [API] json: unknown field "maxReorderedFrames"
2026/09/21 23:09:53 ERR [API] json: unknown field "maxReorderedFrames"
2026/09/21 23:09:54 ERR [API] json: unknown field "maxReorderedFrames"
2026/09/21 23:09:54 ERR [API] json: unknown field "maxReorderedFrames"
2026/09/21 23:09:54 ERR [API] json: unknown field "maxReorderedFrames"
2026/09/21 23:09:54 ERR [API] json: unknown field "maxReorderedFrames"
2026/09/21 23:09:55 ERR [API] json: unknown field "maxReorderedFrames"
2026/09/21 23:09:55 ERR [API] json: unknown field "maxReorderedFrames"
2026/09/21 23:09:55 ERR [API] json: unknown field "maxReorderedFrames"
2026/09/21 23:09:55 ERR [API] json: unknown field "maxReorderedFrames"
2026/09/21 23:09:57 ERR [API] json: unknown field "maxReorderedFrames"
2026/09/21 23:09:57 ERR [API] json: unknown field "maxReorderedFrames"
2026/09/21 23:09:57 ERR [API] json: unknown field "maxReorderedFrames"
2026/09/21 23:09:57 ERR [API] json: unknown field "maxReorderedFrames"
2026/09/21 23:09:58 ERR [API] json: unknown field "maxReorderedFrames"
2026/09/21 23:09:58 ERR [API] json: unknown field "maxReorderedFrames"
2026/09/21 23:09:58 ERR [API] json: unknown field "maxReorderedFrames"
2026/09/21 23:09:58 ERR [API] json: unknown field "maxReorderedFrames"
2026/09/21 23:09:59 ERR [API] json: unknown field "maxReorderedFrames"
2026/09/21 23:09:59 ERR [API] json: unknown field "maxReorderedFrames"
2026/09/21 23:09:59 ERR [API] json: unknown field "maxReorderedFrames"
2026/09/21 23:09:59 ERR [API] json: unknown field "maxReorderedFrames"
2026/09/21 23:10:00 ERR [API] json: unknown field "maxReorderedFrames"
2026/09/21 23:10:00 ERR [API] json: unknown field "maxReorderedFrames"
2026/09/21 23:10:00 ERR [API] json: unknown field "maxReorderedFrames"
2026/09/21 23:10:00 ERR [API] json: unknown field "maxReorderedFrames"
2026/09/21 23:10:01 ERR [API] json: unknown field "maxReorderedFrames"
2026/09/21 23:10:01 ERR [API] json: unknown field "maxReorderedFrames"
2026/09/21 23:10:02 ERR [API] json: unknown field "maxReorderedFrames"
2026/09/21 23:10:02 ERR [API] json: unknown field "maxReorderedFrames"
2026/09/21 23:10:02 ERR [API] json: unknown field "maxReorderedFrames"
2026/09/21 23:10:02 ERR [API] json: unknown field "maxReorderedFrames"
2026/09/21 23:10:03 ERR [API] json: unknown field "maxReorderedFrames"
2026/09/21 23:10:03 ERR [API] json: unknown field "maxReorderedFrames"
2026/09/21 23:10:04 ERR [API] json: unknown field "maxReorderedFrames"
2026/09/21 23:10:04 ERR [API] json: unknown field "maxReorderedFrames"
2026/09/21 23:10:08 ERR [API] json: unknown field "maxReorderedFrames"
2026/09/21 23:10:08 ERR [API] json: unknown field "maxReorderedFrames"
2026/09/21 23:10:08 ERR [API] json: unknown field "maxReorderedFrames"
2026/09/21 23:10:08 ERR [API] json: unknown field "maxReorderedFrames"
2026/09/21 23:10:08 ERR [API] json: unknown field "maxReorderedFrames"
2026/09/21 23:10:08 ERR [API] json: unknown field "maxReorderedFrames"
2026/09/21 23:10:09 ERR [API] json: unknown field "maxReorderedFrames"
2026/09/21 23:10:09 ERR [API] json: unknown field "maxReorderedFrames"
2026/09/21 23:10:09 ERR [API] json: unknown field "maxReorderedFrames"
2026/09/21 23:10:09 ERR [API] json: unknown field "maxReorderedFrames"
2026/09/21 23:10:10 ERR [API] json: unknown field "maxReorderedFrames"
2026/09/21 23:10:10 ERR [API] json: unknown field "maxReorderedFrames"
2026/09/21 23:10:10 ERR [API] json: unknown field "maxReorderedFrames"
2026/09/21 23:10:10 ERR [API] json: unknown field "maxReorderedFrames"
2026/09/21 23:10:11 ERR [API] json: unknown field "maxReorderedFrames"
2026/09/21 23:10:11 ERR [API] json: unknown field "maxReorderedFrames"
2026/09/21 23:10:11 ERR [API] json: unknown field "maxReorderedFrames"
2026/09/21 23:10:11 ERR [API] json: unknown field "maxReorderedFrames"
2026/09/21 23:10:11 ERR [API] json: unknown field "maxReorderedFrames"
2026/09/21 23:10:11 ERR [API] json: unknown field "maxReorderedFrames"
2026/09/21 23:10:11 ERR [API] json: unknown field "maxReorderedFrames"
2026/09/21 23:10:11 ERR [API] json: unknown field "maxReorderedFrames"
2026/09/21 23:10:12 ERR [API] json: unknown field "maxReorderedFrames"
2026/09/21 23:10:12 ERR [API] json: unknown field "maxReorderedFrames"
2026/09/21 23:10:12 ERR [API] json: unknown field "maxReorderedFrames"
2026/09/21 23:10:12 ERR [API] json: unknown field "maxReorderedFrames"
2026/09/21 23:10:13 ERR [API] json: unknown field "maxReorderedFrames"
2026/09/21 23:10:13 ERR [API] json: unknown field "maxReorderedFrames"
2026/09/21 23:10:14 ERR [API] json: unknown field "maxReorderedFrames"
2026/09/21 23:10:14 ERR [API] json: unknown field "maxReorderedFrames"
2026/09/21 23:10:14 ERR [API] json: unknown field "maxReorderedFrames"
2026/09/21 23:10:14 ERR [API] json: unknown field "maxReorderedFrames"
2026/09/21 23:10:15 ERR [API] json: unknown field "maxReorderedFrames"
2026/09/21 23:10:15 ERR [API] json: unknown field "maxReorderedFrames"
2026/09/21 23:10:16 ERR [API] json: unknown field "maxReorderedFrames"
2026/09/21 23:10:16 ERR [API] json: unknown field "maxReorderedFrames"
2026/09/21 23:10:16 ERR [API] json: unknown field "maxReorderedFrames"
2026/09/21 23:10:16 ERR [API] json: unknown field "maxReorderedFrames"
2026/09/21 23:10:17 ERR [API] json: unknown field "maxReorderedFrames"
2026/09/21 23:10:17 ERR [API] json: unknown field "maxReorderedFrames"
2026/09/21 23:10:17 ERR [API] json: unknown field "maxReorderedFrames"
2026/09/21 23:10:17 ERR [API] json: unknown field "maxReorderedFrames"
2026/09/21 23:11:04 ERR [API] json: unknown field "maxReorderedFrames"
2026/09/21 23:11:04 ERR [API] json: unknown field "maxReorderedFrames"
2026/09/21 23:11:04 ERR [API] json: unknown field "maxReorderedFrames"
2026/09/21 23:11:04 ERR [API] json: unknown field "maxReorderedFrames"
2026/09/21 23:11:05 ERR [API] json: unknown field "maxReorderedFrames"
2026/09/21 23:11:05 ERR [API] json: unknown field "maxReorderedFrames"
2026/09/21 23:11:05 ERR [API] json: unknown field "maxReorderedFrames"
2026/09/21 23:11:05 ERR [API] json: unknown field "maxReorderedFrames"
2026/09/21 23:11:06 ERR [API] json: unknown field "maxReorderedFrames"
2026/09/21 23:11:06 ERR [API] json: unknown field "maxReorderedFrames"
2026/09/21 23:11:06 ERR [API] json: unknown field "maxReorderedFrames"
2026/09/21 23:11:06 ERR [API] json: unknown field "maxReorderedFrames"
2026/09/21 23:11:07 ERR [API] json: unknown field "maxReorderedFrames"
2026/09/21 23:11:07 ERR [API] json: unknown field "maxReorderedFrames"
2026/09/21 23:11:07 ERR [API] json: unknown field "maxReorderedFrames"
2026/09/21 23:11:07 ERR [API] json: unknown field "maxReorderedFrames"
2026/09/21 23:11:08 ERR [API] json: unknown field "maxReorderedFrames"
2026/09/21 23:11:08 ERR [API] json: unknown field "maxReorderedFrames"
2026/09/21 23:11:09 ERR [API] json: unknown field "maxReorderedFrames"
2026/09/21 23:11:09 ERR [API] json: unknown field "maxReorderedFrames"
2026/09/21 23:11:11 ERR [API] json: unknown field "maxReorderedFrames"
2026/09/21 23:11:11 ERR [API] json: unknown field "maxReorderedFrames"
2026/09/21 23:11:11 ERR [API] json: unknown field "maxReorderedFrames"
2026/09/21 23:11:11 ERR [API] json: unknown field "maxReorderedFrames"
2026/09/21 23:11:12 ERR [API] json: unknown field "maxReorderedFrames"
2026/09/21 23:11:12 ERR [API] json: unknown field "maxReorderedFrames"
2026/09/21 23:11:12 ERR [API] json: unknown field "maxReorderedFrames"
2026/09/21 23:11:12 ERR [API] json: unknown field "maxReorderedFrames"
2026/09/21 23:11:13 ERR [API] json: unknown field "maxReorderedFrames"
2026/09/21 23:11:13 ERR [API] json: unknown field "maxReorderedFrames"
2026/09/21 23:11:13 ERR [API] json: unknown field "maxReorderedFrames"
2026/09/21 23:11:13 ERR [API] json: unknown field "maxReorderedFrames"
2026/09/21 23:11:14 ERR [API] json: unknown field "maxReorderedFrames"
2026/09/21 23:11:14 ERR [API] json: unknown field "maxReorderedFrames"
2026/09/21 23:11:14 ERR [API] json: unknown field "maxReorderedFrames"
2026/09/21 23:11:15 ERR [API] json: unknown field "maxReorderedFrames"
2026/09/21 23:11:15 ERR [API] json: unknown field "maxReorderedFrames"
2026/09/21 23:11:15 ERR [API] json: unknown field "maxReorderedFrames"
2026/09/21 23:11:15 ERR [API] json: unknown field "maxReorderedFrames"
2026/09/21 23:11:15 ERR [API] json: unknown field "maxReorderedFrames"
2026/09/21 23:11:16 ERR [API] json: unknown field "maxReorderedFrames"
2026/09/21 23:11:16 ERR [API] json: unknown field "maxReorderedFrames"
2026/09/21 23:11:16 ERR [API] json: unknown field "maxReorderedFrames"
2026/09/21 23:11:16 ERR [API] json: unknown field "maxReorderedFrames"
2026/09/21 23:11:16 ERR [API] json: unknown field "maxReorderedFrames"
2026/09/21 23:11:16 ERR [API] json: unknown field "maxReorderedFrames"
2026/09/21 23:11:17 ERR [API] json: unknown field "maxReorderedFrames"
2026/09/21 23:11:17 ERR [API] json: unknown field "maxReorderedFrames"
2026/09/21 23:11:17 ERR [API] json: unknown field "maxReorderedFrames"
2026/09/21 23:11:17 ERR [API] json: unknown field "maxReorderedFrames"
2026/09/21 23:11:18 ERR [API] json: unknown field "maxReorderedFrames"
2026/09/21 23:11:18 ERR [API] json: unknown field "maxReorderedFrames"
2026/09/21 23:11:19 ERR [API] json: unknown field "maxReorderedFrames"
2026/09/21 23:11:19 ERR [API] json: unknown field "maxReorderedFrames"
2026/09/21 23:11:19 ERR [API] json: unknown field "maxReorderedFrames"
2026/09/21 23:11:19 ERR [API] json: unknown field "maxReorderedFrames"
2026/09/21 23:11:19 ERR [API] json: unknown field "maxReorderedFrames"
2026/09/21 23:11:19 ERR [API] json: unknown field "maxReorderedFrames"
2026/09/21 23:11:19 ERR [API] json: unknown field "maxReorderedFrames"
2026/09/21 23:11:19 ERR [API] json: unknown field "maxReorderedFrames"
2026/09/21 23:11:20 ERR [API] json: unknown field "maxReorderedFrames"
2026/09/21 23:11:20 ERR [API] json: unknown field "maxReorderedFrames"
2026/09/21 23:11:20 ERR [API] json: unknown field "maxReorderedFrames"
2026/09/21 23:11:20 ERR [API] json: unknown field "maxReorderedFrames"
2026/09/21 23:11:21 ERR [API] json: unknown field "maxReorderedFrames"
2026/09/21 23:11:21 ERR [API] json: unknown field "maxReorderedFrames"
2026/09/21 23:11:21 ERR [API] json: unknown field "maxReorderedFrames"
2026/09/21 23:11:21 ERR [API] json: unknown field "maxReorderedFrames"
2026/09/21 23:11:22 ERR [API] json: unknown field "maxReorderedFrames"
2026/09/21 23:11:22 ERR [API] json: unknown field "maxReorderedFrames"
2026/09/21 23:11:23 ERR [API] json: unknown field "maxReorderedFrames"
2026/09/21 23:11:23 ERR [API] json: unknown field "maxReorderedFrames"
2026/09/21 23:11:23 ERR [API] json: unknown field "maxReorderedFrames"
2026/09/21 23:11:23 ERR [API] json: unknown field "maxReorderedFrames"
2026/09/21 23:11:24 ERR [API] json: unknown field "maxReorderedFrames"
2026/09/21 23:11:24 ERR [API] json: unknown field "maxReorderedFrames"
2026/09/21 23:11:24 ERR [API] json: unknown field "maxReorderedFrames"
2026/09/21 23:11:24 ERR [API] json: unknown field "maxReorderedFrames"
2026/09/21 23:11:25 ERR [API] json: unknown field "maxReorderedFrames"
2026/09/21 23:11:25 ERR [API] json: unknown field "maxReorderedFrames"
2026/09/21 23:11:25 ERR [API] json: unknown field "maxReorderedFrames"
2026/09/21 23:11:25 ERR [API] json: unknown field "maxReorderedFrames"
2026/09/21 23:11:26 ERR [API] json: unknown field "maxReorderedFrames"
2026/09/21 23:11:26 ERR [API] json: unknown field "maxReorderedFrames"
2026/09/21 23:11:26 ERR [API] json: unknown field "maxReorderedFrames"
2026/09/21 23:11:26 ERR [API] json: unknown field "maxReorderedFrames"
2026/09/21 23:11:29 ERR [API] json: unknown field "maxReorderedFrames"
2026/09/21 23:11:29 ERR [API] json: unknown field "maxReorderedFrames"
2026/09/21 23:11:29 ERR [API] json: unknown field "maxReorderedFrames"
2026/09/21 23:11:29 ERR [API] json: unknown field "maxReorderedFrames"
2026/09/21 23:11:29 ERR [API] json: unknown field "maxReorderedFrames"
2026/09/21 23:11:29 ERR [API] json: unknown field "maxReorderedFrames"
2026/09/21 23:11:30 ERR [API] json: unknown field "maxReorderedFrames"
2026/09/21 23:11:30 ERR [API] json: unknown field "maxReorderedFrames"
2026/09/21 23:11:30 ERR [API] json: unknown field "maxReorderedFrames"
2026/09/21 23:11:30 ERR [API] json: unknown field "maxReorderedFrames"
2026/09/21 23:11:30 ERR [API] json: unknown field "maxReorderedFrames"
2026/09/21 23:11:30 ERR [API] json: unknown field "maxReorderedFrames"
2026/09/21 23:11:32 ERR [API] json: unknown field "maxReorderedFrames"
2026/09/21 23:11:32 ERR [API] json: unknown field "maxReorderedFrames"
2026/09/21 23:11:32 ERR [API] json: unknown field "maxReorderedFrames"
2026/09/21 23:11:32 ERR [API] json: unknown field "maxReorderedFrames"
2026/09/21 23:11:33 ERR [API] json: unknown field "maxReorderedFrames"
2026/09/21 23:11:33 ERR [API] json: unknown field "maxReorderedFrames"
2026/09/21 23:11:33 ERR [API] json: unknown field "maxReorderedFrames"
2026/09/21 23:11:33 ERR [API] json: unknown field "maxReorderedFrames"
2026/09/21 23:11:34 ERR [API] json: unknown field "maxReorderedFrames"
2026/09/21 23:11:34 ERR [API] json: unknown field "maxReorderedFrames"
2026/09/21 23:11:34 ERR [API] json: unknown field "maxReorderedFrames"
2026/09/21 23:11:34 ERR [API] json: unknown field "maxReorderedFrames"
2026/09/21 23:11:34 ERR [API] json: unknown field "maxReorderedFrames"
2026/09/21 23:11:34 ERR [API] json: unknown field "maxReorderedFrames"
2026/09/21 23:11:35 ERR [API] json: unknown field "maxReorderedFrames"
2026/09/21 23:11:35 ERR [API] json: unknown field "maxReorderedFrames"
2026/09/21 23:11:35 ERR [API] json: unknown field "maxReorderedFrames"
2026/09/21 23:11:35 ERR [API] json: unknown field "maxReorderedFrames"
2026/09/21 23:11:36 ERR [API] json: unknown field "maxReorderedFrames"
2026/09/21 23:11:36 ERR [API] json: unknown field "maxReorderedFrames"
2026/09/21 23:11:36 ERR [API] json: unknown field "maxReorderedFrames"
2026/09/21 23:11:36 ERR [API] json: unknown field "maxReorderedFrames"
2026/09/21 23:11:37 ERR [API] json: unknown field "maxReorderedFrames"
2026/09/21 23:11:37 ERR [API] json: unknown field "maxReorderedFrames"
2026/09/21 23:11:37 ERR [API] json: unknown field "maxReorderedFrames"
2026/09/21 23:11:37 ERR [API] json: unknown field "maxReorderedFrames"
2026/09/21 23:11:38 ERR [API] json: unknown field "maxReorderedFrames"
2026/09/21 23:11:38 ERR [API] json: unknown field "maxReorderedFrames"
2026/09/21 23:11:38 ERR [API] json: unknown field "maxReorderedFrames"
2026/09/21 23:11:38 ERR [API] json: unknown field "maxReorderedFrames"
2026/09/21 23:11:38 ERR [API] json: unknown field "maxReorderedFrames"
2026/09/21 23:11:38 ERR [API] json: unknown field "maxReorderedFrames"
2026/09/21 23:11:39 ERR [API] json: unknown field "maxReorderedFrames"
2026/09/21 23:11:39 ERR [API] json: unknown field "maxReorderedFrames"
2026/09/21 23:11:39 ERR [API] json: unknown field "maxReorderedFrames"
2026/09/21 23:11:39 ERR [API] json: unknown field "maxReorderedFrames"
2026/09/21 23:11:39 ERR [API] json: unknown field "maxReorderedFrames"
2026/09/21 23:11:39 ERR [API] json: unknown field "maxReorderedFrames"
2026/09/21 23:11:40 ERR [API] json: unknown field "maxReorderedFrames"
2026/09/21 23:11:40 ERR [API] json: unknown field "maxReorderedFrames"
2026/09/21 23:11:40 ERR [API] json: unknown field "maxReorderedFrames"
2026/09/21 23:11:40 ERR [API] json: unknown field "maxReorderedFrames"
2026/09/21 23:11:41 ERR [API] json: unknown field "maxReorderedFrames"
2026/09/21 23:11:41 ERR [API] json: unknown field "maxReorderedFrames"
2026/09/21 23:11:42 ERR [API] json: unknown field "maxReorderedFrames"
2026/09/21 23:11:42 ERR [API] json: unknown field "maxReorderedFrames"
2026/09/21 23:11:42 ERR [API] json: unknown field "maxReorderedFrames"
2026/09/21 23:11:42 ERR [API] json: unknown field "maxReorderedFrames"
2026/09/21 23:11:42 ERR [API] json: unknown field "maxReorderedFrames"
2026/09/21 23:11:42 ERR [API] json: unknown field "maxReorderedFrames"
2026/09/21 23:11:42 ERR [API] json: unknown field "maxReorderedFrames"
2026/09/21 23:11:42 ERR [API] json: unknown field "maxReorderedFrames"
2026/09/21 23:11:43 ERR [API] json: unknown field "maxReorderedFrames"
2026/09/21 23:11:43 ERR [API] json: unknown field "maxReorderedFrames"
2026/09/21 23:11:44 ERR [API] json: unknown field "maxReorderedFrames"
2026/09/21 23:11:44 ERR [API] json: unknown field "maxReorderedFrames"
2026/09/21 23:11:44 ERR [API] json: unknown field "maxReorderedFrames"
2026/09/21 23:11:44 ERR [API] json: unknown field "maxReorderedFrames"
2026/09/21 23:11:44 ERR [API] json: unknown field "maxReorderedFrames"
2026/09/21 23:11:44 ERR [API] json: unknown field "maxReorderedFrames"
2026/09/21 23:11:45 ERR [API] json: unknown field "maxReorderedFrames"
2026/09/21 23:11:45 ERR [API] json: unknown field "maxReorderedFrames"
2026/09/21 23:11:45 ERR [API] json: unknown field "maxReorderedFrames"
2026/09/21 23:11:45 ERR [API] json: unknown field "maxReorderedFrames"
2026/09/21 23:11:46 ERR [API] json: unknown field "maxReorderedFrames"
2026/09/21 23:11:46 ERR [API] json: unknown field "maxReorderedFrames"
2026/09/21 23:11:46 ERR [API] json: unknown field "maxReorderedFrames"
2026/09/21 23:11:46 ERR [API] json: unknown field "maxReorderedFrames"
2026/09/21 23:11:47 ERR [API] json: unknown field "maxReorderedFrames"
2026/09/21 23:11:47 ERR [API] json: unknown field "maxReorderedFrames"
2026/09/21 23:11:47 ERR [API] json: unknown field "maxReorderedFrames"
2026/09/21 23:11:47 ERR [API] json: unknown field "maxReorderedFrames"
2026/09/21 23:11:48 ERR [API] json: unknown field "maxReorderedFrames"
2026/09/21 23:11:48 ERR [API] json: unknown field "maxReorderedFrames"
2026/09/21 23:11:48 ERR [API] json: unknown field "maxReorderedFrames"
2026/09/21 23:11:48 ERR [API] json: unknown field "maxReorderedFrames"
2026/09/21 23:11:49 ERR [API] json: unknown field "maxReorderedFrames"
2026/09/21 23:11:49 ERR [API] json: unknown field "maxReorderedFrames"
2026/09/21 23:11:49 ERR [API] json: unknown field "maxReorderedFrames"
2026/09/21 23:11:49 ERR [API] json: unknown field "maxReorderedFrames"
2026/09/21 23:11:51 ERR [API] json: unknown field "maxReorderedFrames"
2026/09/21 23:11:51 ERR [API] json: unknown field "maxReorderedFrames"
2026/09/21 23:11:51 ERR [API] json: unknown field "maxReorderedFrames"
2026/09/21 23:11:51 ERR [API] json: unknown field "maxReorderedFrames"
2026/09/21 23:11:56 ERR [API] json: unknown field "maxReorderedFrames"
2026/09/21 23:11:56 ERR [API] json: unknown field "maxReorderedFrames"
2026/09/21 23:11:56 ERR [API] json: unknown field "maxReorderedFrames"
2026/09/21 23:11:56 ERR [API] json: unknown field "maxReorderedFrames"
2026/09/21 23:11:57 ERR [API] json: unknown field "maxReorderedFrames"
2026/09/21 23:11:57 ERR [API] json: unknown field "maxReorderedFrames"
2026/09/21 23:11:58 ERR [API] json: unknown field "maxReorderedFrames"
2026/09/21 23:11:58 ERR [API] json: unknown field "maxReorderedFrames"
2026/09/21 23:11:59 ERR [API] json: unknown field "maxReorderedFrames"
2026/09/21 23:11:59 ERR [API] json: unknown field "maxReorderedFrames"
2026/09/21 23:11:59 ERR [API] json: unknown field "maxReorderedFrames"
2026/09/21 23:11:59 ERR [API] json: unknown field "maxReorderedFrames"
2026/09/21 23:12:00 ERR [API] json: unknown field "maxReorderedFrames"
2026/09/21 23:12:00 ERR [API] json: unknown field "maxReorderedFrames"
2026/09/21 23:12:00 ERR [API] json: unknown field "maxReorderedFrames"
2026/09/21 23:12:00 ERR [API] json: unknown field "maxReorderedFrames"
2026/09/21 23:12:01 ERR [API] json: unknown field "maxReorderedFrames"
2026/09/21 23:12:01 ERR [API] json: unknown field "maxReorderedFrames"
2026/09/21 23:12:01 ERR [API] json: unknown field "maxReorderedFrames"
2026/09/21 23:12:02 ERR [API] json: unknown field "maxReorderedFrames"
2026/09/21 23:12:02 ERR [API] json: unknown field "maxReorderedFrames"
2026/09/21 23:12:02 ERR [API] json: unknown field "maxReorderedFrames"
2026/09/21 23:12:03 ERR [API] json: unknown field "maxReorderedFrames"
2026/09/21 23:12:03 ERR [API] json: unknown field "maxReorderedFrames"
2026/09/21 23:12:03 ERR [API] json: unknown field "maxReorderedFrames"
2026/09/21 23:12:03 ERR [API] json: unknown field "maxReorderedFrames"
2026/09/21 23:12:04 ERR [API] json: unknown field "maxReorderedFrames"
2026/09/21 23:12:04 ERR [API] json: unknown field "maxReorderedFrames"
2026/09/21 23:12:05 ERR [API] json: unknown field "maxReorderedFrames"
2026/09/21 23:12:05 ERR [API] json: unknown field "maxReorderedFrames"
2026/09/21 23:12:05 ERR [API] json: unknown field "maxReorderedFrames"
2026/09/21 23:12:05 ERR [API] json: unknown field "maxReorderedFrames"
2026/09/21 23:12:06 ERR [API] json: unknown field "maxReorderedFrames"
2026/09/21 23:12:06 ERR [API] json: unknown field "maxReorderedFrames"
2026/09/21 23:12:07 ERR [API] json: unknown field "maxReorderedFrames"
2026/09/21 23:12:07 ERR [API] json: unknown field "maxReorderedFrames"
2026/09/21 23:12:07 ERR [API] json: unknown field "maxReorderedFrames"
2026/09/21 23:12:07 ERR [API] json: unknown field "maxReorderedFrames"
2026/09/21 23:12:08 ERR [API] json: unknown field "maxReorderedFrames"
2026/09/21 23:12:08 ERR [API] json: unknown field "maxReorderedFrames"
2026/09/21 23:12:08 ERR [API] json: unknown field "maxReorderedFrames"
2026/09/21 23:12:08 ERR [API] json: unknown field "maxReorderedFrames"
2026/09/21 23:12:09 ERR [API] json: unknown field "maxReorderedFrames"
2026/09/21 23:12:09 ERR [API] json: unknown field "maxReorderedFrames"
2026/09/21 23:12:09 ERR [API] json: unknown field "maxReorderedFrames"
2026/09/21 23:12:09 ERR [API] json: unknown field "maxReorderedFrames"
2026/09/21 23:12:09 ERR [API] json: unknown field "maxReorderedFrames"
2026/09/21 23:12:09 ERR [API] json: unknown field "maxReorderedFrames"
2026/09/21 23:12:10 ERR [API] json: unknown field "maxReorderedFrames"
2026/09/21 23:12:10 ERR [API] json: unknown field "maxReorderedFrames"
2026/09/21 23:12:10 ERR [API] json: unknown field "maxReorderedFrames"
2026/09/21 23:12:10 ERR [API] json: unknown field "maxReorderedFrames"
2026/09/21 23:12:10 ERR [API] json: unknown field "maxReorderedFrames"
2026/09/21 23:12:10 ERR [API] json: unknown field "maxReorderedFrames"
2026/09/21 23:12:11 ERR [API] json: unknown field "maxReorderedFrames"
2026/09/21 23:12:11 ERR [API] json: unknown field "maxReorderedFrames"
2026/09/21 23:12:11 ERR [API] json: unknown field "maxReorderedFrames"
2026/09/21 23:12:11 ERR [API] json: unknown field "maxReorderedFrames"
2026/09/21 23:12:11 ERR [API] json: unknown field "maxReorderedFrames"
2026/09/21 23:12:11 ERR [API] json: unknown field "maxReorderedFrames"
2026/09/21 23:12:11 ERR [API] json: unknown field "maxReorderedFrames"
2026/09/21 23:12:11 ERR [API] json: unknown field "maxReorderedFrames"
2026/09/21 23:12:12 ERR [API] json: unknown field "maxReorderedFrames"
2026/09/21 23:12:12 ERR [API] json: unknown field "maxReorderedFrames"
2026/09/21 23:12:12 ERR [API] json: unknown field "maxReorderedFrames"
2026/09/21 23:12:12 ERR [API] json: unknown field "maxReorderedFrames"
2026/09/21 23:12:13 ERR [API] json: unknown field "maxReorderedFrames"
2026/09/21 23:12:13 ERR [API] json: unknown field "maxReorderedFrames"
2026/09/21 23:12:13 ERR [API] json: unknown field "maxReorderedFrames"
2026/09/21 23:12:13 ERR [API] json: unknown field "maxReorderedFrames"
2026/09/21 23:12:15 ERR [API] json: unknown field "maxReorderedFrames"
2026/09/21 23:12:15 ERR [API] json: unknown field "maxReorderedFrames"
2026/09/21 23:12:15 ERR [API] json: unknown field "maxReorderedFrames"
2026/09/21 23:12:15 ERR [API] json: unknown field "maxReorderedFrames"
2026/09/21 23:12:16 ERR [API] json: unknown field "maxReorderedFrames"
2026/09/21 23:12:16 ERR [API] json: unknown field "maxReorderedFrames"
2026/09/21 23:12:16 ERR [API] json: unknown field "maxReorderedFrames"
2026/09/21 23:12:16 ERR [API] json: unknown field "maxReorderedFrames"
2026/09/21 23:12:16 ERR [API] json: unknown field "maxReorderedFrames"
2026/09/21 23:12:16 ERR [API] json: unknown field "maxReorderedFrames"
2026/09/21 23:12:17 ERR [API] json: unknown field "maxReorderedFrames"
2026/09/21 23:12:17 ERR [API] json: unknown field "maxReorderedFrames"
2026/09/21 23:12:17 ERR [API] json: unknown field "maxReorderedFrames"
2026/09/21 23:12:17 ERR [API] json: unknown field "maxReorderedFrames"
2026/09/21 23:12:18 ERR [API] json: unknown field "maxReorderedFrames"
2026/09/21 23:12:18 ERR [API] json: unknown field "maxReorderedFrames"
2026/09/21 23:12:18 ERR [API] json: unknown field "maxReorderedFrames"
2026/09/21 23:12:18 ERR [API] json: unknown field "maxReorderedFrames"
2026/09/21 23:12:19 ERR [API] json: unknown field "maxReorderedFrames"
2026/09/21 23:12:19 ERR [API] json: unknown field "maxReorderedFrames"
2026/09/21 23:12:19 ERR [API] json: unknown field "maxReorderedFrames"
2026/09/21 23:12:19 ERR [API] json: unknown field "maxReorderedFrames"
2026/09/21 23:12:20 ERR [API] json: unknown field "maxReorderedFrames"
2026/09/21 23:12:20 ERR [API] json: unknown field "maxReorderedFrames"
2026/09/21 23:12:21 ERR [API] json: unknown field "maxReorderedFrames"
2026/09/21 23:12:21 ERR [API] json: unknown field "maxReorderedFrames"
2026/09/21 23:12:21 ERR [API] json: unknown field "maxReorderedFrames"
2026/09/21 23:12:21 ERR [API] json: unknown field "maxReorderedFrames"
2026/09/21 23:12:22 ERR [API] json: unknown field "maxReorderedFrames"
2026/09/21 23:12:22 ERR [API] json: unknown field "maxReorderedFrames"
2026/09/21 23:12:22 ERR [API] json: unknown field "maxReorderedFrames"
2026/09/21 23:12:22 ERR [API] json: unknown field "maxReorderedFrames"
2026/09/21 23:12:23 ERR [API] json: unknown field "maxReorderedFrames"
2026/09/21 23:12:23 ERR [API] json: unknown field "maxReorderedFrames"
2026/09/21 23:12:23 ERR [API] json: unknown field "maxReorderedFrames"
2026/09/21 23:12:23 ERR [API] json: unknown field "maxReorderedFrames"
2026/09/21 23:12:24 ERR [API] json: unknown field "maxReorderedFrames"
2026/09/21 23:12:24 ERR [API] json: unknown field "maxReorderedFrames"
2026/09/21 23:12:24 ERR [API] json: unknown field "maxReorderedFrames"
2026/09/21 23:12:24 ERR [API] json: unknown field "maxReorderedFrames"
2026/09/21 23:12:24 ERR [API] json: unknown field "maxReorderedFrames"
2026/09/21 23:12:25 ERR [API] json: unknown field "maxReorderedFrames"
2026/09/21 23:12:25 ERR [API] json: unknown field "maxReorderedFrames"
2026/09/21 23:12:25 ERR [API] json: unknown field "maxReorderedFrames"
2026/09/21 23:12:25 ERR [API] json: unknown field "maxReorderedFrames"
2026/09/21 23:12:25 ERR [API] json: unknown field "maxReorderedFrames"
2026/09/21 23:12:26 ERR [API] json: unknown field "maxReorderedFrames"
2026/09/21 23:12:26 ERR [API] json: unknown field "maxReorderedFrames"
2026/09/21 23:12:28 ERR [API] json: unknown field "maxReorderedFrames"
2026/09/21 23:12:28 ERR [API] json: unknown field "maxReorderedFrames"
2026/09/21 23:12:29 ERR [API] json: unknown field "maxReorderedFrames"
2026/09/21 23:12:29 ERR [API] json: unknown field "maxReorderedFrames"
2026/09/21 23:12:30 ERR [API] json: unknown field "maxReorderedFrames"
2026/09/21 23:12:30 ERR [API] json: unknown field "maxReorderedFrames"
2026/09/21 23:12:30 ERR [API] json: unknown field "maxReorderedFrames"
2026/09/21 23:12:30 ERR [API] json: unknown field "maxReorderedFrames"
2026/09/21 23:12:31 ERR [API] json: unknown field "maxReorderedFrames"
2026/09/21 23:12:31 ERR [API] json: unknown field "maxReorderedFrames"
2026/09/21 23:12:33 ERR [API] json: unknown field "maxReorderedFrames"
2026/09/21 23:12:33 ERR [API] json: unknown field "maxReorderedFrames"
2026/09/21 23:12:33 ERR [API] json: unknown field "maxReorderedFrames"
2026/09/21 23:12:33 ERR [API] json: unknown field "maxReorderedFrames"
2026/09/21 23:12:33 ERR [API] json: unknown field "maxReorderedFrames"
2026/09/21 23:12:33 ERR [API] json: unknown field "maxReorderedFrames"
2026/09/21 23:12:34 ERR [API] json: unknown field "maxReorderedFrames"
2026/09/21 23:12:34 ERR [API] json: unknown field "maxReorderedFrames"
2026/09/21 23:12:34 ERR [API] json: unknown field "maxReorderedFrames"
2026/09/21 23:12:34 ERR [API] json: unknown field "maxReorderedFrames"
2026/09/21 23:12:34 ERR [API] json: unknown field "maxReorderedFrames"
2026/09/21 23:12:34 ERR [API] json: unknown field "maxReorderedFrames"
2026/09/21 23:12:35 ERR [API] json: unknown field "maxReorderedFrames"
2026/09/21 23:12:35 ERR [API] json: unknown field "maxReorderedFrames"
2026/09/21 23:12:35 ERR [API] json: unknown field "maxReorderedFrames"
2026/09/21 23:12:35 ERR [API] json: unknown field "maxReorderedFrames"
2026/09/21 23:12:35 ERR [API] json: unknown field "maxReorderedFrames"
2026/09/21 23:12:35 ERR [API] json: unknown field "maxReorderedFrames"
2026/09/21 23:12:36 ERR [API] json: unknown field "maxReorderedFrames"
2026/09/21 23:12:36 ERR [API] json: unknown field "maxReorderedFrames"
2026/09/21 23:12:36 ERR [API] json: unknown field "maxReorderedFrames"
2026/09/21 23:12:36 ERR [API] json: unknown field "maxReorderedFrames"
2026/09/21 23:12:37 ERR [API] json: unknown field "maxReorderedFrames"
2026/09/21 23:12:37 ERR [API] json: unknown field "maxReorderedFrames"
2026/09/21 23:12:37 ERR [API] json: unknown field "maxReorderedFrames"
2026/09/21 23:12:37 ERR [API] json: unknown field "maxReorderedFrames"
2026/09/21 23:12:37 ERR [API] json: unknown field "maxReorderedFrames"
2026/09/21 23:12:37 ERR [API] json: unknown field "maxReorderedFrames"
2026/09/21 23:12:38 ERR [API] json: unknown field "maxReorderedFrames"
2026/09/21 23:12:38 ERR [API] json: unknown field "maxReorderedFrames"
2026/09/21 23:12:38 ERR [API] json: unknown field "maxReorderedFrames"
2026/09/21 23:12:38 ERR [API] json: unknown field "maxReorderedFrames"
2026/09/21 23:12:39 ERR [API] json: unknown field "maxReorderedFrames"
2026/09/21 23:12:39 ERR [API] json: unknown field "maxReorderedFrames"
2026/09/21 23:12:40 ERR [API] json: unknown field "maxReorderedFrames"
2026/09/21 23:12:40 ERR [API] json: unknown field "maxReorderedFrames"
2026/09/21 23:12:40 ERR [API] json: unknown field "maxReorderedFrames"
2026/09/21 23:12:40 ERR [API] json: unknown field "maxReorderedFrames"
2026/09/21 23:12:40 ERR [API] json: unknown field "maxReorderedFrames"
2026/09/21 23:12:40 ERR [API] json: unknown field "maxReorderedFrames"
2026/09/21 23:12:41 ERR [API] json: unknown field "maxReorderedFrames"
2026/09/21 23:12:41 ERR [API] json: unknown field "maxReorderedFrames"
2026/09/21 23:12:41 ERR [API] json: unknown field "maxReorderedFrames"
2026/09/21 23:12:41 ERR [API] json: unknown field "maxReorderedFrames"
2026/09/21 23:12:44 ERR [API] json: unknown field "maxReorderedFrames"
2026/09/21 23:12:45 ERR [API] json: unknown field "maxReorderedFrames"
2026/09/21 23:12:45 ERR [API] json: unknown field "maxReorderedFrames"
2026/09/21 23:12:45 ERR [API] json: unknown field "maxReorderedFrames"
2026/09/21 23:12:47 ERR [API] json: unknown field "maxReorderedFrames"
2026/09/21 23:12:47 ERR [API] json: unknown field "maxReorderedFrames"
2026/09/21 23:12:48 ERR [API] json: unknown field "maxReorderedFrames"
2026/09/21 23:12:48 ERR [API] json: unknown field "maxReorderedFrames"
2026/09/21 23:12:51 ERR [API] json: unknown field "maxReorderedFrames"
2026/09/21 23:12:51 ERR [API] json: unknown field "maxReorderedFrames"
2026/09/21 23:12:51 ERR [API] json: unknown field "maxReorderedFrames"
2026/09/21 23:12:51 ERR [API] json: unknown field "maxReorderedFrames"
2026/09/21 23:12:53 ERR [API] json: unknown field "maxReorderedFrames"
2026/09/21 23:12:54 ERR [API] json: unknown field "maxReorderedFrames"
2026/09/21 23:12:55 ERR [API] json: unknown field "maxReorderedFrames"
2026/09/21 23:12:55 ERR [API] json: unknown field "maxReorderedFrames"
2026/09/21 23:12:55 ERR [API] json: unknown field "maxReorderedFrames"
2026/09/21 23:12:55 ERR [API] json: unknown field "maxReorderedFrames"
2026/09/21 23:12:55 ERR [API] json: unknown field "maxReorderedFrames"
2026/09/21 23:12:55 ERR [API] json: unknown field "maxReorderedFrames"
2026/09/21 23:12:56 ERR [API] json: unknown field "maxReorderedFrames"
2026/09/21 23:12:56 ERR [API] json: unknown field "maxReorderedFrames"
2026/09/21 23:12:59 ERR [API] json: unknown field "maxReorderedFrames"
2026/09/21 23:12:59 ERR [API] json: unknown field "maxReorderedFrames"
2026/09/21 23:12:59 ERR [API] json: unknown field "maxReorderedFrames"
2026/09/21 23:12:59 ERR [API] json: unknown field "maxReorderedFrames"
2026/09/21 23:12:59 ERR [API] json: unknown field "maxReorderedFrames"
2026/09/21 23:12:59 ERR [API] json: unknown field "maxReorderedFrames"
2026/09/21 23:12:59 ERR [API] json: unknown field "maxReorderedFrames"
2026/09/21 23:12:59 ERR [API] json: unknown field "maxReorderedFrames"
2026/09/21 23:13:00 ERR [API] json: unknown field "maxReorderedFrames"
2026/09/21 23:13:00 ERR [API] json: unknown field "maxReorderedFrames"
2026/09/21 23:13:00 ERR [API] json: unknown field "maxReorderedFrames"
2026/09/21 23:13:00 ERR [API] json: unknown field "maxReorderedFrames"
2026/09/21 23:13:01 ERR [API] json: unknown field "maxReorderedFrames"
2026/09/21 23:13:01 ERR [API] json: unknown field "maxReorderedFrames"
2026/09/21 23:13:01 ERR [API] json: unknown field "maxReorderedFrames"
2026/09/21 23:13:01 ERR [API] json: unknown field "maxReorderedFrames"
2026/09/21 23:13:01 ERR [API] json: unknown field "maxReorderedFrames"
2026/09/21 23:13:01 ERR [API] json: unknown field "maxReorderedFrames"
2026/09/21 23:13:01 ERR [API] json: unknown field "maxReorderedFrames"
2026/09/21 23:13:01 ERR [API] json: unknown field "maxReorderedFrames"
2026/09/21 23:13:02 ERR [API] json: unknown field "maxReorderedFrames"
2026/09/21 23:13:02 ERR [API] json: unknown field "maxReorderedFrames"
2026/09/21 23:13:02 ERR [API] json: unknown field "maxReorderedFrames"
2026/09/21 23:13:02 ERR [API] json: unknown field "maxReorderedFrames"
2026/09/21 23:13:02 ERR [API] json: unknown field "maxReorderedFrames"
2026/09/21 23:13:02 ERR [API] json: unknown field "maxReorderedFrames"
2026/09/21 23:13:03 ERR [API] json: unknown field "maxReorderedFrames"
2026/09/21 23:13:03 ERR [API] json: unknown field "maxReorderedFrames"
2026/09/21 23:13:04 ERR [API] json: unknown field "maxReorderedFrames"
2026/09/21 23:13:04 ERR [API] json: unknown field "maxReorderedFrames"
2026/09/21 23:13:07 ERR [API] json: unknown field "maxReorderedFrames"
2026/09/21 23:13:10 ERR [API] json: unknown field "maxReorderedFrames"
2026/09/21 23:13:10 ERR [API] json: unknown field "maxReorderedFrames"
2026/09/21 23:13:10 ERR [API] json: unknown field "maxReorderedFrames"
2026/09/21 23:13:11 ERR [API] json: unknown field "maxReorderedFrames"
2026/09/21 23:13:11 ERR [API] json: unknown field "maxReorderedFrames"
